Cycle start time,Cycle end time,Cycle timezone,Sleep onset,Wake onset,Sleep performance %,Respiratory rate (rpm),Asleep duration (min),In bed duration (min),Light sleep duration (min),Deep (SWS) duration (min),REM duration (min),Awake duration (min),Sleep need (min),Sleep debt (min),Sleep efficiency %,Sleep consistency %,Nap
2025-03-25 23:42:14,,UTC-04:00,2025-03-25 23:42:14,2025-03-26 09:08:57,90,15.2,537,566,225,118,194,29,598,114,95,67,false
2025-03-25 00:06:05,2025-03-25 23:42:14,UTC-04:00,2025-03-25 00:06:05,2025-03-25 06:23:53,61,17.1,361,377,143,81,137,16,590,111,95,73,false
2025-03-24 01:44:34,2025-03-25 00:06:05,UTC-04:00,2025-03-24 01:44:34,2025-03-24 08:32:39,64,16.1,398,405,109,91,198,7,622,118,98,68,false
2025-03-23 00:45:05,2025-03-24 01:44:34,UTC-04:00,2025-03-23 00:45:05,2025-03-23 07:08:10,61,17.5,371,383,142,124,105,12,608,64,96,70,false
2025-03-21 23:16:35,2025-03-23 00:45:05,UTC-04:00,2025-03-21 23:16:35,2025-03-22 06:51:18,81,17.1,428,442,245,99,84,14,527,50,97,70,false
2025-03-21 00:32:00,2025-03-21 23:16:35,UTC-04:00,2025-03-21 00:32:00,2025-03-21 09:27:57,86,16.8,469,534,268,75,126,65,548,67,87,77,false
2025-03-20 01:19:32,2025-03-21 00:32:00,UTC-04:00,2025-03-20 01:19:32,2025-03-20 08:18:12,75,17.2,399,409,226,106,67,10,534,33,97,68,false
2025-03-18 23:42:23,2025-03-20 01:19:32,UTC-04:00,2025-03-18 23:42:23,2025-03-19 09:11:01,91,17.1,550,568,247,148,155,18,602,112,96,67,false
2025-03-18 00:40:17,2025-03-18 23:42:23,UTC-04:00,2025-03-18 00:40:17,2025-03-18 06:47:02,61,17.3,344,356,163,152,29,12,568,89,97,76,false
2025-03-16 23:49:42,2025-03-18 00:40:17,UTC-04:00,2025-03-16 23:49:42,2025-03-17 07:29:42,71,16.8,432,454,231,84,117,22,612,127,95,74,false
2025-03-16 03:15:51,2025-03-16 23:49:42,UTC-04:00,2025-03-16 03:15:51,2025-03-16 08:28:17,50,17.6,298,309,130,117,51,11,602,55,97,62,false
2025-03-15 00:17:57,2025-03-16 03:15:51,UTC-04:00,2025-03-15 00:17:57,2025-03-15 08:02:46,84,16.7,452,464,251,97,104,12,538,60,97,84,false
2025-03-14 00:28:58,2025-03-15 00:17:57,UTC-04:00,2025-03-14 00:28:58,2025-03-14 08:34:26,83,17.1,470,484,277,124,69,14,564,81,97,78,false
2025-03-13 00:29:52,2025-03-14 00:28:58,UTC-04:00,2025-03-13 00:29:52,2025-03-13 06:39:02,69,16.7,358,365,126,104,128,7,522,42,98,77,false
2025-03-12 00:07:43,2025-03-13 00:29:52,UTC-04:00,2025-03-12 00:07:43,2025-03-12 08:21:21,88,16.6,483,493,217,90,176,10,550,48,98,73,false
2025-03-10 23:12:52,2025-03-12 00:07:43,UTC-04:00,2025-03-10 23:12:52,2025-03-11 06:05:17,80,17.1,398,412,174,106,118,14,495,14,98,76,false
2025-03-10 00:36:56,2025-03-10 23:12:52,UTC-04:00,2025-03-10 00:36:56,2025-03-10 09:04:02,96,16.8,496,503,294,65,137,7,518,39,98,81,false
2025-03-08 23:51:42,2025-03-10 00:36:56,UTC-04:00,2025-03-08 23:51:42,2025-03-09 09:18:24,90,16.1,546,564,309,121,116,18,607,58,96,70,false
2025-03-08 00:17:28,2025-03-08 22:51:42,UTC-05:00,2025-03-08 00:17:28,2025-03-08 06:29:59,76,16.6,366,370,202,93,71,4,483,6,98,80,false
2025-03-06 23:40:53,2025-03-08 00:17:28,UTC-05:00,2025-03-06 23:40:53,2025-03-07 08:11:21,98,16.7,497,510,285,99,113,13,507,23,98,68,false
2025-03-06 00:26:51,2025-03-06 23:40:53,UTC-05:00,2025-03-06 00:26:51,2025-03-06 09:56:27,94,16.5,535,569,270,112,153,34,572,94,94,72,false
2025-03-05 01:03:48,2025-03-06 00:26:51,UTC-05:00,2025-03-05 01:03:48,2025-03-05 08:30:20,70,16.5,437,444,205,106,126,7,626,127,98,72,false
2025-03-04 00:25:47,2025-03-05 01:03:48,UTC-05:00,2025-03-04 00:25:47,2025-03-04 06:29:10,56,17.6,323,351,147,128,48,28,579,97,93,70,false
2025-03-03 00:25:44,2025-03-04 00:25:47,UTC-05:00,2025-03-03 00:25:44,2025-03-03 07:35:56,74,16.9,419,430,210,110,99,11,570,27,97,78,false
2025-03-02 01:00:36,2025-03-03 00:25:44,UTC-05:00,2025-03-02 01:00:36,2025-03-02 10:07:07,92,16.7,484,546,295,108,81,62,527,49,88,81,false
2025-03-01 01:26:30,2025-03-02 01:00:36,UTC-05:00,2025-03-01 01:26:30,2025-03-01 10:23:24,87,16.1,519,535,252,142,125,16,596,119,97,75,false
2025-02-28 01:20:41,2025-03-01 01:26:30,UTC-05:00,2025-02-28 01:20:41,2025-02-28 08:53:57,63,16.6,397,453,173,132,92,56,635,117,87,87,false
2025-02-27 01:06:42,2025-02-28 01:20:41,UTC-05:00,2025-02-27 01:06:42,2025-02-27 08:05:50,69,17.1,403,419,211,116,76,16,586,105,96,87,false
2025-02-26 01:18:41,2025-02-27 01:06:42,UTC-05:00,2025-02-26 01:18:41,2025-02-26 08:17:20,66,16.8,411,418,184,101,126,7,623,103,98,78,false
2025-02-25 01:13:21,2025-02-26 01:18:41,UTC-05:00,2025-02-25 01:13:21,2025-02-25 08:16:20,65,17.0,384,422,238,77,69,38,590,110,91,69,false
2025-02-24 00:05:31,2025-02-25 01:13:21,UTC-05:00,2025-02-24 00:05:31,2025-02-24 07:04:40,64,16.4,385,417,254,29,102,32,606,127,93,59,false
2025-02-23 02:35:05,2025-02-24 00:05:31,UTC-05:00,2025-02-23 02:35:05,2025-02-23 08:34:37,57,17.5,338,359,181,116,41,21,597,127,94,53,false
2025-02-22 03:26:28,2025-02-23 02:35:05,UTC-05:00,2025-02-22 16:55:54,2025-02-22 18:22:25,11,14.1,74,86,64,10,0,12,667,127,88,,true
2025-02-22 03:26:28,2025-02-23 02:35:05,UTC-05:00,2025-02-22 03:26:28,2025-02-22 09:20:14,56,16.5,334,353,176,67,91,19,591,110,95,51,false
2025-02-21 01:03:39,2025-02-22 03:26:28,UTC-05:00,2025-02-21 01:03:39,2025-02-21 07:32:31,62,17.1,363,387,250,77,36,24,585,103,96,73,false
2025-02-20 00:19:04,2025-02-21 01:03:39,UTC-05:00,2025-02-20 00:19:04,2025-02-20 06:19:05,63,17.3,347,360,225,106,16,13,555,45,96,83,false
2025-02-19 00:08:28,2025-02-20 00:19:04,UTC-05:00,2025-02-19 00:08:28,2025-02-19 08:25:57,87,16.4,476,497,321,77,78,21,546,57,96,76,false
2025-02-17 23:51:36,2025-02-19 00:08:28,UTC-05:00,2025-02-17 23:51:36,2025-02-18 08:36:29,84,16.5,482,522,307,103,72,40,572,59,93,67,false
2025-02-16 23:21:44,2025-02-17 23:51:36,UTC-05:00,2025-02-16 23:21:44,2025-02-17 07:32:59,84,16.7,478,486,291,102,85,8,571,88,98,58,false
2025-02-16 01:40:36,2025-02-16 23:21:44,UTC-05:00,2025-02-16 01:40:36,2025-02-16 09:33:35,70,16.6,409,472,291,98,20,63,585,69,86,58,false
2025-02-15 02:16:05,2025-02-16 01:40:36,UTC-05:00,2025-02-15 02:16:05,2025-02-15 11:11:04,81,15.8,472,529,271,121,80,57,580,102,89,45,false
2025-02-14 00:45:30,2025-02-15 02:16:05,UTC-05:00,2025-02-14 00:45:30,2025-02-14 07:53:22,66,17.1,403,419,232,72,99,16,608,94,97,76,false
2025-02-12 23:39:08,2025-02-14 00:45:30,UTC-05:00,2025-02-12 23:39:08,2025-02-13 06:18:05,66,17.3,365,386,198,66,101,21,553,75,96,77,false
2025-02-12 00:27:46,2025-02-12 23:39:08,UTC-05:00,2025-02-12 00:27:46,2025-02-12 08:18:49,79,16.8,437,471,182,122,133,34,555,54,92,77,false
2025-02-11 00:42:37,2025-02-12 00:27:46,UTC-05:00,2025-02-11 00:42:37,2025-02-11 08:59:09,84,17.1,447,496,259,63,125,49,531,23,90,71,false
2025-02-10 00:18:39,2025-02-11 00:42:37,UTC-05:00,2025-02-10 00:18:39,2025-02-10 08:09:42,92,16.9,447,466,300,82,65,19,484,127,96,58,false
2025-02-09 01:14:50,2025-02-10 00:18:39,UTC-05:00,2025-02-09 11:59:24,2025-02-09 14:20:14,21,17.1,124,140,41,32,51,16,605,127,88,,true
2025-02-09 01:14:50,2025-02-10 00:18:39,UTC-05:00,2025-02-09 01:14:50,2025-02-09 07:51:23,55,17.9,362,395,136,94,132,33,656,112,92,80,false
2025-02-08 00:42:16,2025-02-09 01:14:50,UTC-05:00,2025-02-08 00:42:16,2025-02-08 06:45:39,60,17.2,342,363,209,71,62,21,566,88,94,87,false
2025-02-07 01:40:23,2025-02-08 00:42:16,UTC-05:00,2025-02-07 01:40:23,2025-02-07 08:32:19,69,16.1,385,409,242,81,62,24,561,58,96,79,false
2025-02-06 00:31:04,2025-02-07 01:40:23,UTC-05:00,2025-02-06 00:31:04,2025-02-06 08:43:45,79,17.3,441,492,354,24,63,51,558,41,90,79,false
2025-02-04 23:57:27,2025-02-06 00:31:04,UTC-05:00,2025-02-04 23:57:27,2025-02-05 07:53:48,84,17.2,436,473,320,74,42,37,518,41,93,73,false
2025-02-04 01:45:04,2025-02-04 23:57:27,UTC-05:00,2025-02-04 01:45:04,2025-02-04 08:48:32,83,17.0,404,423,291,95,18,19,486,7,96,66,false
2025-02-02 23:31:52,2025-02-04 01:45:04,UTC-05:00,2025-02-02 23:31:52,2025-02-03 08:05:13,98,17.5,496,509,334,94,68,13,508,28,97,70,false
2025-02-02 01:42:31,2025-02-02 23:31:52,UTC-05:00,2025-02-02 01:42:31,2025-02-02 10:28:51,91,17.6,466,517,288,85,93,51,510,28,90,60,false
2025-01-31 23:37:59,2025-02-02 01:42:31,UTC-05:00,2025-01-31 23:37:59,2025-02-01 07:46:49,91,17.2,434,485,323,73,38,51,480,1,89,74,false
2025-01-30 23:55:30,2025-01-31 23:37:59,UTC-05:00,2025-01-30 23:55:30,2025-01-31 10:25:10,100,16.0,549,627,299,150,100,78,552,73,87,69,false
2025-01-29 23:59:46,2025-01-30 23:55:30,UTC-05:00,2025-01-29 23:59:46,2025-01-30 08:55:43,80,15.9,468,535,256,47,165,67,583,69,88,72,false
2025-01-28 23:31:16,2025-01-29 23:59:46,UTC-05:00,2025-01-28 23:31:16,2025-01-29 07:06:56,75,17.0,424,455,209,78,137,31,563,83,93,64,false
2025-01-28 00:45:30,2025-01-28 23:31:16,UTC-05:00,2025-01-28 00:45:30,2025-01-28 09:15:58,74,16.5,467,510,259,109,99,43,633,119,95,69,false
2025-01-27 02:59:05,2025-01-28 00:45:30,UTC-05:00,2025-01-27 02:59:05,2025-01-27 08:38:26,57,16.6,316,339,154,85,77,23,555,75,94,42,false
2025-01-26 00:54:47,2025-01-27 02:59:05,UTC-05:00,2025-01-26 00:54:47,2025-01-26 11:09:04,82,16.6,518,607,367,50,101,89,635,88,85,51,false
2025-01-24 23:53:07,2025-01-26 00:54:47,UTC-05:00,2025-01-24 23:53:07,2025-01-25 06:38:48,68,16.9,381,405,255,66,60,24,559,75,95,83,false
2025-01-24 00:29:02,2025-01-24 23:53:07,UTC-05:00,2025-01-24 00:29:02,2025-01-24 08:01:50,74,16.9,438,450,322,54,62,12,589,80,97,80,false
2025-01-23 00:01:07,2025-01-24 00:29:02,UTC-05:00,2025-01-23 00:01:07,2025-01-23 06:26:08,69,16.8,359,384,184,79,96,25,520,38,93,86,false
2025-01-22 00:03:24,2025-01-23 00:01:07,UTC-05:00,2025-01-22 00:03:24,2025-01-22 08:57:25,89,17.3,498,534,241,114,143,36,558,49,93,82,false
2025-01-21 00:29:05,2025-01-22 00:03:24,UTC-05:00,2025-01-21 00:29:05,2025-01-21 08:04:46,81,17.1,434,449,261,92,81,15,534,17,98,81,false
2025-01-20 00:33:22,2025-01-21 00:29:05,UTC-05:00,2025-01-20 00:33:22,2025-01-20 09:27:52,94,16.6,458,534,258,93,107,76,485,3,85,74,false
2025-01-18 22:35:33,2025-01-20 00:33:22,UTC-05:00,2025-01-18 22:35:33,2025-01-19 08:13:48,99,17.2,532,578,311,111,110,46,537,0,93,69,false
2025-01-17 23:35:34,2025-01-18 22:35:33,UTC-05:00,2025-01-17 23:35:34,2025-01-18 09:42:40,100,15.8,556,607,387,118,51,51,552,73,93,68,false
2025-01-17 00:31:16,2025-01-17 23:35:34,UTC-05:00,2025-01-17 00:31:16,2025-01-17 08:52:07,81,16.2,480,496,228,108,144,16,594,79,96,72,false
2025-01-15 22:38:06,2025-01-17 00:31:16,UTC-05:00,2025-01-15 22:38:06,2025-01-16 06:37:48,78,16.3,444,479,286,87,71,35,568,91,94,69,false
2025-01-15 00:30:10,2025-01-15 22:38:06,UTC-05:00,2025-01-15 00:30:10,2025-01-15 08:17:51,70,16.8,429,458,285,68,76,29,611,121,94,83,false
2025-01-14 00:45:09,2025-01-15 00:30:10,UTC-05:00,2025-01-14 00:45:09,2025-01-14 06:42:46,58,17.1,334,357,200,71,63,23,577,91,94,86,false
2025-01-13 00:00:23,2025-01-14 00:45:09,UTC-05:00,2025-01-13 00:00:23,2025-01-13 08:09:13,71,17.5,448,488,321,56,71,40,631,89,93,81,false
2025-01-12 01:13:10,2025-01-13 00:00:23,UTC-05:00,2025-01-12 01:13:10,2025-01-12 08:44:03,69,16.6,395,450,253,48,94,55,574,90,87,89,false
2025-01-11 01:42:44,2025-01-12 01:13:10,UTC-05:00,2025-01-11 01:42:44,2025-01-11 08:32:16,68,16.8,379,405,206,79,94,26,560,78,94,83,false
2025-01-10 01:14:20,2025-01-11 01:42:44,UTC-05:00,2025-01-10 01:14:20,2025-01-10 08:29:49,71,15.8,386,433,265,92,29,47,544,66,89,82,false
2025-01-09 00:11:17,2025-01-10 01:14:20,UTC-05:00,2025-01-09 00:11:17,2025-01-09 08:04:44,81,16.8,450,473,326,50,74,23,554,48,95,84,false
2025-01-08 00:03:04,2025-01-09 00:11:17,UTC-05:00,2025-01-08 00:03:04,2025-01-08 08:53:14,86,15.2,483,523,371,44,68,40,559,79,92,79,false
2025-01-07 00:45:32,2025-01-08 00:03:04,UTC-05:00,2025-01-07 00:45:32,2025-01-07 08:07:16,72,16.6,413,439,215,81,117,26,571,70,94,76,false
2025-01-06 00:26:44,2025-01-07 00:45:32,UTC-05:00,2025-01-06 00:26:44,2025-01-06 07:14:49,73,17.2,384,408,173,78,133,24,526,47,94,72,false
2025-01-04 23:31:53,2025-01-06 00:26:44,UTC-05:00,2025-01-04 23:31:53,2025-01-05 07:46:59,86,16.7,458,487,252,98,108,29,531,0,93,82,false
2025-01-03 23:38:45,2025-01-04 23:31:53,UTC-05:00,2025-01-03 23:38:45,2025-01-04 09:40:03,100,16.1,537,601,311,105,121,64,537,47,89,75,false
2025-01-02 23:47:20,2025-01-03 23:38:45,UTC-05:00,2025-01-02 23:47:20,2025-01-03 09:38:33,87,15.4,519,581,231,134,154,62,593,109,89,63,false
2025-01-02 00:37:16,2025-01-02 23:47:20,UTC-05:00,2025-01-02 00:37:16,2025-01-02 07:59:58,71,16.5,411,442,225,70,116,31,581,80,93,55,false
2025-01-01 02:03:16,2025-01-02 00:37:16,UTC-05:00,2025-01-01 02:03:16,2025-01-01 10:47:11,79,17.1,483,521,303,99,81,38,608,127,92,43,false
2024-12-30 23:37:35,2025-01-01 02:03:16,UTC-05:00,2024-12-30 23:37:35,2024-12-31 04:32:13,48,17.6,263,292,135,66,62,29,549,66,90,63,false
2024-12-30 00:49:37,2024-12-30 23:37:35,UTC-05:00,2024-12-30 00:49:37,2024-12-30 09:06:09,81,15.6,432,496,267,103,62,64,535,0,87,54,false
2024-12-28 21:33:28,2024-12-30 00:49:37,UTC-05:00,2024-12-28 21:33:28,2024-12-29 09:33:01,100,15.5,621,719,387,130,104,98,606,127,86,37,false
2024-12-28 03:54:00,2024-12-28 21:33:28,UTC-05:00,2024-12-28 03:54:00,2024-12-28 08:51:03,44,15.7,273,293,186,62,25,20,613,127,92,30,false
2024-12-26 23:39:23,2024-12-28 03:54:00,UTC-05:00,2024-12-26 23:39:23,2024-12-27 03:42:07,38,17.7,223,239,147,45,31,16,586,99,96,73,false
2024-12-25 23:14:00,2024-12-26 23:39:23,UTC-05:00,2024-12-25 23:14:00,2024-12-26 07:07:56,74,16.3,443,473,290,73,80,30,598,76,93,67,false
2024-12-24 23:13:57,2024-12-25 23:14:00,UTC-05:00,2024-12-24 23:13:57,2024-12-25 05:42:49,75,16.6,366,385,251,61,54,19,486,7,95,54,false
2024-12-24 00:24:34,2024-12-24 23:13:57,UTC-05:00,2024-12-24 00:24:34,2024-12-24 10:34:32,98,15.0,582,607,359,109,114,25,594,98,96,59,false
2024-12-23 00:17:18,2024-12-24 00:24:34,UTC-05:00,2024-12-23 00:17:18,2024-12-23 07:38:33,68,16.2,410,437,283,79,48,27,606,127,96,74,false
2024-12-21 23:44:06,2024-12-23 00:17:18,UTC-05:00,2024-12-21 23:44:06,2024-12-22 05:47:57,55,16.6,344,363,222,80,42,19,625,111,96,82,false
2024-12-21 01:55:16,2024-12-21 23:44:06,UTC-05:00,2024-12-21 01:55:16,2024-12-21 08:31:20,62,16.5,357,396,221,98,38,39,580,94,90,80,false
2024-12-20 00:12:21,2024-12-21 01:55:16,UTC-05:00,2024-12-20 00:12:21,2024-12-20 08:26:58,76,16.0,460,486,329,83,48,26,607,94,95,86,false
2024-12-19 00:30:34,2024-12-20 00:12:21,UTC-05:00,2024-12-19 00:30:34,2024-12-19 08:22:06,75,15.5,434,471,293,80,61,37,581,102,92,83,false
2024-12-18 00:54:17,2024-12-19 00:30:34,UTC-05:00,2024-12-18 00:54:17,2024-12-18 08:01:07,72,16.5,408,424,275,70,63,16,567,86,96,87,false
2024-12-17 01:03:22,2024-12-18 00:54:17,UTC-05:00,2024-12-17 01:03:22,2024-12-17 08:50:35,76,15.9,433,467,270,79,84,34,567,86,93,82,false
2024-12-16 01:55:14,2024-12-17 01:03:22,UTC-05:00,2024-12-16 01:55:14,2024-12-16 08:55:49,69,16.1,392,419,260,70,62,27,565,83,94,76,false
2024-12-15 01:35:58,2024-12-16 01:55:14,UTC-05:00,2024-12-15 01:35:58,2024-12-15 09:08:16,76,15.8,417,452,301,62,54,35,547,63,92,67,false
2024-12-14 00:11:19,2024-12-15 01:35:58,UTC-05:00,2024-12-14 00:11:19,2024-12-14 08:27:22,83,16.4,471,494,330,55,86,23,570,84,95,57,false
2024-12-13 02:30:10,2024-12-14 00:11:19,UTC-05:00,2024-12-13 02:30:10,2024-12-13 11:25:38,78,15.7,462,535,263,88,111,73,595,111,86,71,false
2024-12-12 02:21:14,2024-12-13 02:30:10,UTC-05:00,2024-12-12 02:21:14,2024-12-12 08:46:14,61,17.0,348,384,248,75,25,36,571,61,92,61,false
2024-12-11 02:01:57,2024-12-12 02:21:14,UTC-05:00,2024-12-11 02:01:57,2024-12-11 12:04:42,85,16.0,527,602,303,110,114,75,622,127,87,55,false
2024-12-10 02:18:44,2024-12-11 02:01:57,UTC-05:00,2024-12-10 02:18:44,2024-12-10 09:44:47,64,14.7,395,439,223,92,80,44,620,127,90,65,false
2024-12-09 01:24:51,2024-12-10 02:18:44,UTC-05:00,2024-12-09 01:24:51,2024-12-09 06:14:41,45,17.1,271,283,212,25,34,12,598,117,96,61,false
2024-12-08 02:33:32,2024-12-09 01:24:51,UTC-05:00,2024-12-08 02:33:32,2024-12-08 09:43:44,61,15.8,373,427,275,68,30,54,608,127,87,56,false
2024-12-07 00:15:32,2024-12-08 02:33:32,UTC-05:00,2024-12-07 00:15:32,2024-12-07 06:26:07,56,16.9,339,369,181,72,86,30,608,127,93,69,false
2024-12-06 03:59:27,2024-12-07 00:15:32,UTC-05:00,2024-12-06 03:59:27,2024-12-06 08:36:49,45,16.3,259,277,140,70,49,18,582,92,93,58,false
2024-12-05 00:26:56,2024-12-06 03:59:27,UTC-05:00,2024-12-05 00:26:56,2024-12-05 07:27:31,68,16.1,395,420,251,86,58,25,579,98,94,78,false
2024-12-04 00:54:16,2024-12-05 00:26:56,UTC-05:00,2024-12-04 00:54:16,2024-12-04 09:07:55,74,15.5,448,493,307,73,68,45,602,120,92,77,false
2024-12-03 02:51:05,2024-12-04 00:54:16,UTC-05:00,2024-12-03 02:51:05,2024-12-03 09:11:18,59,15.2,341,372,231,91,19,31,583,101,92,59,false
2024-12-02 00:10:00,2024-12-03 02:51:05,UTC-05:00,2024-12-02 00:10:00,2024-12-02 07:38:29,73,15.3,418,445,214,104,100,27,576,97,94,77,false
2024-12-01 00:54:39,2024-12-02 00:10:00,UTC-05:00,2024-12-01 00:54:39,2024-12-01 07:22:04,65,15.1,364,384,195,80,89,20,558,73,96,75,false
2024-11-30 00:38:16,2024-12-01 00:54:39,UTC-05:00,2024-11-30 00:38:16,2024-11-30 09:38:03,81,14.7,481,534,290,95,96,53,595,114,89,73,false
2024-11-29 00:30:32,2024-11-30 00:38:16,UTC-05:00,2024-11-29 00:30:32,2024-11-29 07:55:37,70,15.3,421,443,273,78,70,22,599,115,95,74,false
2024-11-28 02:04:11,2024-11-29 00:30:32,UTC-05:00,2024-11-28 02:04:11,2024-11-28 08:44:34,62,16.3,373,400,210,97,66,27,605,103,93,63,false
2024-11-27 00:11:41,2024-11-28 02:04:11,UTC-05:00,2024-11-27 00:11:41,2024-11-27 07:12:16,66,14.9,398,420,292,59,47,22,604,124,94,73,false
2024-11-26 01:03:04,2024-11-27 00:11:41,UTC-05:00,2024-11-26 01:03:04,2024-11-26 07:09:49,58,16.9,344,356,204,49,91,12,592,103,97,64,false
2024-11-25 00:05:49,2024-11-26 01:03:04,UTC-05:00,2024-11-25 00:05:49,2024-11-25 06:54:52,64,15.6,375,409,242,72,61,34,582,93,91,56,false
2024-11-24 02:32:52,2024-11-25 00:05:49,UTC-05:00,2024-11-24 02:32:52,2024-11-24 10:53:43,74,16.8,410,500,246,83,81,90,555,71,81,46,false
2024-11-22 23:58:57,2024-11-24 02:32:52,UTC-05:00,2024-11-22 23:58:57,2024-11-23 08:13:34,80,16.1,459,489,264,102,93,30,571,89,94,86,false
2024-11-21 23:49:46,2024-11-22 23:58:57,UTC-05:00,2024-11-21 23:49:46,2024-11-22 08:08:41,77,15.9,454,495,198,118,138,41,594,109,91,79,false
2024-11-21 00:32:58,2024-11-21 23:49:46,UTC-05:00,2024-11-21 00:32:58,2024-11-21 07:14:48,63,16.0,377,397,168,87,122,20,596,116,96,75,false
2024-11-20 01:08:30,2024-11-21 00:32:58,UTC-05:00,2024-11-20 01:08:30,2024-11-20 07:12:21,58,16.4,327,363,240,63,24,36,561,75,90,74,false
2024-11-19 00:37:40,2024-11-20 01:08:30,UTC-05:00,2024-11-19 00:37:40,2024-11-19 08:29:41,79,15.5,440,469,292,67,81,29,558,74,93,68,false
2024-11-17 22:59:05,2024-11-19 00:37:40,UTC-05:00,2024-11-17 22:59:05,2024-11-18 07:49:44,81,14.8,491,530,324,111,56,39,607,127,94,53,false
2024-11-17 03:52:37,2024-11-17 22:59:05,UTC-05:00,2024-11-17 03:52:37,2024-11-17 09:10:49,46,17.0,281,318,124,69,88,37,613,127,92,66,false
2024-11-16 03:08:47,2024-11-17 03:52:37,UTC-05:00,2024-11-16 03:08:47,2024-11-16 08:59:40,54,16.3,313,350,163,85,65,37,577,92,89,60,false
2024-11-15 00:34:38,2024-11-16 03:08:47,UTC-05:00,2024-11-15 00:34:38,2024-11-15 08:01:39,75,15.2,424,445,200,94,130,21,568,80,95,94,false
2024-11-14 00:40:20,2024-11-15 00:34:38,UTC-05:00,2024-11-14 00:40:20,2024-11-14 07:59:12,77,15.2,411,438,244,104,63,27,537,57,93,88,false
2024-11-13 00:15:02,2024-11-14 00:40:20,UTC-05:00,2024-11-13 00:15:02,2024-11-13 08:04:41,83,15.7,452,469,333,70,49,17,542,60,96,87,false
2024-11-11 23:35:59,2024-11-13 00:15:02,UTC-05:00,2024-11-11 23:35:59,2024-11-12 08:01:10,83,15.2,469,505,297,113,59,36,563,80,93,84,false
2024-11-11 00:33:37,2024-11-11 23:35:59,UTC-05:00,2024-11-11 00:33:37,2024-11-11 08:24:40,78,15.9,447,467,238,59,150,20,573,94,96,78,false
2024-11-09 23:22:26,2024-11-11 00:33:37,UTC-05:00,2024-11-09 23:22:26,2024-11-10 07:33:11,76,16.6,463,487,289,94,80,24,609,127,95,70,false
2024-11-09 00:41:41,2024-11-09 23:22:26,UTC-05:00,2024-11-09 00:41:41,2024-11-09 09:04:28,63,15.6,375,502,197,84,94,127,591,112,75,72,false
2024-11-07 23:35:46,2024-11-09 00:41:41,UTC-05:00,2024-11-07 23:35:46,2024-11-08 07:28:17,72,16.4,440,468,208,80,152,28,615,127,95,64,false
2024-11-07 02:45:35,2024-11-07 23:35:46,UTC-05:00,2024-11-07 02:45:35,2024-11-07 06:59:51,40,16.9,229,254,142,40,47,25,569,84,91,60,false
2024-11-06 00:33:50,2024-11-07 02:45:35,UTC-05:00,2024-11-06 00:33:50,2024-11-06 08:44:06,78,15.8,469,490,296,80,93,21,600,104,95,65,false
2024-11-05 00:58:44,2024-11-06 00:33:50,UTC-05:00,2024-11-05 00:58:44,2024-11-05 08:54:36,73,16.2,447,475,328,66,53,28,610,127,94,51,false
2024-11-04 01:26:32,2024-11-05 00:58:44,UTC-05:00,2024-11-04 01:26:32,2024-11-04 06:21:11,42,14.9,271,290,131,52,88,19,638,93,97,60,false
2024-11-02 20:54:53,2024-11-04 01:26:32,UTC-05:00,2024-11-02 20:54:53,2024-11-03 05:06:38,76,15.3,469,491,275,111,83,22,614,127,95,60,false
2024-11-02 00:01:37,2024-11-02 21:54:53,UTC-04:00,2024-11-02 00:01:37,2024-11-02 07:19:30,65,15.1,404,437,264,94,46,33,624,127,92,78,false
2024-11-01 01:41:04,2024-11-02 00:01:37,UTC-04:00,2024-11-01 01:41:04,2024-11-01 07:39:10,53,16.0,315,358,182,50,83,43,593,109,90,85,false
2024-10-31 00:52:54,2024-11-01 01:41:04,UTC-04:00,2024-10-31 00:52:54,2024-10-31 08:03:05,62,16.7,366,430,224,64,78,64,586,101,85,83,false
2024-10-30 01:27:56,2024-10-31 00:52:54,UTC-04:00,2024-10-30 01:27:56,2024-10-30 08:51:07,67,16.5,413,443,231,98,84,30,616,105,93,74,false
2024-10-29 00:53:17,2024-10-30 01:27:56,UTC-04:00,2024-10-29 00:53:17,2024-10-29 08:04:55,65,17.7,395,418,282,57,56,23,605,120,94,68,false
2024-10-27 23:40:09,2024-10-29 00:53:17,UTC-04:00,2024-10-27 23:40:09,2024-10-28 07:35:03,69,16.3,426,474,310,64,52,48,613,127,91,58,false
2024-10-27 02:53:49,2024-10-27 23:40:09,UTC-04:00,2024-10-27 02:53:49,2024-10-27 08:59:07,58,15.1,350,365,232,71,47,15,609,127,96,70,false
2024-10-26 03:55:46,2024-10-27 02:53:49,UTC-04:00,2024-10-26 03:55:46,2024-10-26 08:29:45,42,17.4,224,263,157,49,18,39,538,51,87,59,false
2024-10-25 01:09:37,2024-10-26 03:55:46,UTC-04:00,2024-10-25 01:09:37,2024-10-25 10:12:18,86,16.6,501,539,312,115,74,38,581,99,93,83,false
2024-10-24 01:30:15,2024-10-25 01:09:37,UTC-04:00,2024-10-24 01:30:15,2024-10-24 08:12:05,70,16.8,353,401,257,47,49,48,508,27,88,77,false
2024-10-23 01:05:09,2024-10-24 01:30:15,UTC-04:00,2024-10-23 01:05:09,2024-10-23 10:40:03,93,16.7,567,574,368,112,87,7,610,74,98,74,false
2024-10-22 01:30:53,2024-10-23 01:05:09,UTC-04:00,2024-10-22 01:30:53,2024-10-22 10:01:50,81,16.7,492,510,334,85,73,18,607,120,96,70,false
2024-10-21 01:13:58,2024-10-22 01:30:53,UTC-04:00,2024-10-21 01:13:58,2024-10-21 08:26:05,61,14.9,378,432,280,62,36,54,620,114,89,83,false
2024-10-20 00:37:45,2024-10-21 01:13:58,UTC-04:00,2024-10-20 00:37:45,2024-10-20 08:08:11,71,16.5,429,450,317,43,69,21,607,127,96,76,false
2024-10-19 03:04:19,2024-10-20 00:37:45,UTC-04:00,2024-10-19 03:04:19,2024-10-19 07:27:43,38,16.9,235,263,202,28,5,28,611,104,89,69,false
2024-10-18 00:55:39,2024-10-19 03:04:19,UTC-04:00,2024-10-18 00:55:39,2024-10-18 08:45:16,73,16.9,440,469,249,109,82,29,603,111,96,85,false
2024-10-17 01:04:41,2024-10-18 00:55:39,UTC-04:00,2024-10-17 01:04:41,2024-10-17 08:25:58,71,16.6,419,441,300,70,49,22,592,105,96,81,false
2024-10-16 01:18:35,2024-10-17 01:04:41,UTC-04:00,2024-10-16 01:18:35,2024-10-16 07:11:52,62,16.6,344,353,290,42,12,9,556,67,97,78,false
2024-10-15 00:15:33,2024-10-16 01:18:35,UTC-04:00,2024-10-15 00:15:33,2024-10-15 09:01:53,83,16.1,505,526,288,119,98,21,610,127,96,70,false
2024-10-14 02:57:29,2024-10-15 00:15:33,UTC-04:00,2024-10-14 02:57:29,2024-10-14 08:40:41,55,16.5,327,343,191,85,51,16,590,110,96,73,false
2024-10-13 01:06:24,2024-10-14 02:57:29,UTC-04:00,2024-10-13 01:06:24,2024-10-13 07:58:49,64,16.6,389,412,256,70,63,23,610,127,94,82,false
2024-10-12 02:40:58,2024-10-13 01:06:24,UTC-04:00,2024-10-12 02:40:58,2024-10-12 08:18:00,50,18.1,295,328,138,74,83,33,591,102,91,69,false
2024-10-11 01:01:24,2024-10-12 02:40:58,UTC-04:00,2024-10-11 01:01:24,2024-10-11 07:19:41,64,15.8,363,378,204,58,101,15,569,78,96,85,false
2024-10-09 23:33:33,2024-10-11 01:01:24,UTC-04:00,2024-10-09 23:33:33,2024-10-10 07:37:35,79,16.6,463,481,297,81,85,18,585,104,96,82,false
2024-10-09 01:08:11,2024-10-09 23:33:33,UTC-04:00,2024-10-09 01:08:11,2024-10-09 08:14:03,65,16.9,380,425,272,52,56,45,589,95,91,83,false
2024-10-08 00:36:25,2024-10-09 01:08:11,UTC-04:00,2024-10-08 00:36:25,2024-10-08 08:12:34,68,16.6,398,456,253,95,50,58,589,100,88,81,false
2024-10-07 00:30:34,2024-10-08 00:36:25,UTC-04:00,2024-10-07 00:30:34,2024-10-07 07:41:15,66,16.5,391,428,264,50,77,37,593,109,91,74,false
2024-10-05 23:05:55,2024-10-07 00:30:34,UTC-04:00,2024-10-05 23:05:55,2024-10-06 07:21:58,73,17.1,455,491,333,78,44,36,626,125,92,66,false
2024-10-05 02:22:28,2024-10-05 23:05:55,UTC-04:00,2024-10-05 02:22:28,2024-10-05 08:22:29,57,17.2,326,357,196,76,54,31,576,93,92,57,false
2024-10-04 00:40:56,2024-10-05 02:22:28,UTC-04:00,2024-10-04 00:40:56,2024-10-04 09:07:38,76,17.3,469,506,326,73,70,37,614,105,93,66,false
2024-10-02 23:20:32,2024-10-04 00:40:56,UTC-04:00,2024-10-02 23:20:32,2024-10-03 06:18:43,65,17.2,391,418,249,59,83,27,602,115,93,66,false
2024-10-01 23:41:09,2024-10-02 23:20:32,UTC-04:00,2024-10-01 23:41:09,2024-10-02 06:32:07,62,15.8,374,405,214,83,77,31,604,73,92,69,false
2024-10-01 00:48:56,2024-10-01 23:41:09,UTC-04:00,2024-10-01 00:48:56,2024-10-01 08:02:58,78,16.1,399,430,259,58,82,31,514,30,93,65,false
2024-09-30 00:04:07,2024-10-01 00:48:56,UTC-04:00,2024-09-30 00:04:07,2024-09-30 08:53:52,91,16.3,512,529,341,89,82,17,560,76,96,52,false
2024-09-29 03:40:51,2024-09-30 00:04:07,UTC-04:00,2024-09-29 03:40:51,2024-09-29 08:13:24,62,16.5,244,272,201,43,0,28,397,51,93,61,false
2024-09-27 23:40:58,2024-09-29 03:40:51,UTC-04:00,2024-09-28 05:41:18,2024-09-28 08:33:22,29,16.3,152,172,116,28,8,20,531,51,88,,true
2024-09-27 02:06:23,2024-09-27 23:40:58,UTC-04:00,2024-09-27 02:06:23,2024-09-27 10:54:10,86,16.8,482,519,294,117,71,37,562,69,92,53,false
2024-09-25 23:40:58,2024-09-27 02:06:23,UTC-04:00,2024-09-25 23:40:58,2024-09-26 08:04:41,81,16.8,461,498,312,63,86,37,568,84,94,76,false
2024-09-25 00:34:43,2024-09-25 23:40:58,UTC-04:00,2024-09-25 00:34:43,2024-09-25 08:25:46,76,16.9,427,471,296,80,51,44,559,63,90,76,false
2024-09-24 00:39:58,2024-09-25 00:34:43,UTC-04:00,2024-09-24 00:39:58,2024-09-24 09:29:10,83,17.1,493,525,341,74,78,32,591,110,96,68,false
2024-09-22 23:34:02,2024-09-24 00:39:58,UTC-04:00,2024-09-22 23:34:02,2024-09-23 06:44:42,64,16.4,400,430,244,77,79,30,622,107,93,62,false
2024-09-22 02:23:40,2024-09-22 23:34:02,UTC-04:00,2024-09-22 02:23:40,2024-09-22 09:21:21,64,16.5,375,417,289,59,27,42,591,100,90,74,false
2024-09-21 02:50:34,2024-09-22 02:23:40,UTC-04:00,2024-09-21 02:50:34,2024-09-21 10:01:14,65,16.7,375,425,211,74,90,50,576,96,91,59,false
2024-09-20 01:25:52,2024-09-21 02:50:34,UTC-04:00,2024-09-20 01:25:52,2024-09-20 09:42:23,74,15.9,432,496,260,73,99,64,582,91,89,61,false
2024-09-18 23:57:01,2024-09-20 01:25:52,UTC-04:00,2024-09-18 23:57:01,2024-09-19 07:52:52,71,16.6,439,466,207,114,118,27,622,117,94,78,false
2024-09-18 00:20:03,2024-09-18 23:57:01,UTC-04:00,2024-09-18 00:20:03,2024-09-18 06:34:58,60,17.2,350,374,226,75,49,24,585,57,93,77,false
2024-09-16 23:55:00,2024-09-18 00:20:03,UTC-04:00,2024-09-16 23:55:00,2024-09-17 08:22:06,84,16.4,484,507,319,90,75,23,572,91,95,68,false
2024-09-16 00:03:33,2024-09-16 23:55:00,UTC-04:00,2024-09-16 00:03:33,2024-09-16 07:44:01,75,16.1,436,460,288,91,57,24,579,89,95,60,false
2024-09-15 02:42:36,2024-09-16 00:03:33,UTC-04:00,2024-09-15 02:42:36,2024-09-15 10:50:57,77,17.0,465,488,181,115,169,23,603,85,95,55,false
2024-09-14 00:56:53,2024-09-15 02:42:36,UTC-04:00,2024-09-14 00:56:53,2024-09-14 08:26:47,75,17.4,406,449,276,53,77,43,539,59,91,63,false
2024-09-13 01:18:55,2024-09-14 00:56:53,UTC-04:00,2024-09-13 01:18:55,2024-09-13 10:11:00,85,16.9,503,532,261,136,106,29,595,99,95,51,false
2024-09-11 23:45:28,2024-09-13 01:18:55,UTC-04:00,2024-09-11 23:45:28,2024-09-12 07:37:58,74,16.9,441,469,217,100,124,28,595,101,96,74,false
2024-09-10 23:33:25,2024-09-11 23:45:28,UTC-04:00,2024-09-10 23:33:25,2024-09-11 06:18:08,65,16.6,372,404,243,68,61,32,574,81,95,65,false
2024-09-10 00:04:37,2024-09-10 23:33:25,UTC-04:00,2024-09-10 00:04:37,2024-09-10 07:47:30,77,16.3,434,462,240,93,101,28,562,79,94,56,false
2024-09-08 22:17:24,2024-09-10 00:04:37,UTC-04:00,2024-09-08 22:17:24,2024-09-09 06:17:05,74,16.4,452,479,346,60,46,27,612,127,94,52,false
2024-09-08 04:44:16,2024-09-08 22:17:24,UTC-04:00,2024-09-08 04:44:16,2024-09-08 08:59:58,40,17.4,223,244,130,62,31,21,555,54,92,52,false
2024-09-07 01:12:14,2024-09-08 04:44:16,UTC-04:00,2024-09-07 01:12:14,2024-09-07 09:02:49,80,16.3,435,470,323,61,51,35,543,55,93,76,false
2024-09-06 00:49:53,2024-09-07 01:12:14,UTC-04:00,2024-09-06 00:49:53,2024-09-06 09:10:44,84,16.5,460,500,314,73,73,40,547,48,93,70,false
2024-09-05 00:14:26,2024-09-06 00:49:53,UTC-04:00,2024-09-05 00:14:26,2024-09-05 07:52:01,82,15.2,431,455,291,79,61,24,528,25,94,82,false
2024-09-03 23:08:01,2024-09-05 00:14:26,UTC-04:00,2024-09-03 23:08:01,2024-09-04 07:17:22,92,14.8,455,484,303,110,42,29,494,71,94,68,false
2024-09-03 00:24:22,2024-09-03 23:08:01,UTC-04:00,2024-09-03 15:07:21,2024-09-03 16:13:12,11,17.3,62,65,50,0,12,3,553,71,97,,true
2024-09-03 00:24:22,2024-09-03 23:08:01,UTC-04:00,2024-09-03 00:24:22,2024-09-03 08:06:17,76,15.6,442,461,308,104,30,19,585,84,96,80,false
2024-09-02 00:46:25,2024-09-03 00:24:22,UTC-04:00,2024-09-02 00:46:25,2024-09-02 07:46:02,69,17.3,382,417,266,80,36,35,552,57,92,64,false
2024-08-31 23:48:09,2024-09-02 00:46:25,UTC-04:00,2024-08-31 23:48:09,2024-09-01 06:59:48,78,17.3,407,429,331,46,30,22,521,24,97,48,false
2024-08-30 23:50:52,2024-08-31 23:48:09,UTC-04:00,2024-08-30 23:50:52,2024-08-31 07:40:57,92,16.8,445,470,339,82,24,25,483,0,94,27,false
2024-08-30 01:38:29,2024-08-30 23:50:52,UTC-04:00,2024-08-30 01:38:29,2024-08-30 08:09:44,100,15.9,367,391,252,62,53,24,321,109,94,6,false
2024-08-28 21:07:50,2024-08-30 01:38:29,UTC-04:00,2024-08-29 15:05:56,2024-08-29 20:37:35,46,16.0,269,331,124,74,71,62,590,109,81,,true
2024-08-28 21:07:50,2024-08-30 01:38:29,UTC-04:00,2024-08-28 21:07:50,2024-08-29 02:39:58,56,16.8,283,317,215,49,19,34,502,22,91,67,false
2024-08-28 00:44:25,2024-08-29 03:07:50,UTC+02:00,2024-08-28 00:44:25,2024-08-28 09:35:04,93,16.6,467,525,341,95,31,58,502,15,89,82,false
2024-08-27 01:39:39,2024-08-28 00:44:25,UTC+02:00,2024-08-27 01:39:39,2024-08-27 09:42:13,95,16.9,459,480,313,66,80,21,483,0,95,72,false
2024-08-25 23:51:24,2024-08-27 01:39:39,UTC+02:00,2024-08-25 23:51:24,2024-08-26 09:56:04,100,15.9,544,601,387,71,86,57,415,12,90,60,false
2024-08-25 00:20:20,2024-08-25 23:51:24,UTC+02:00,2024-08-25 19:11:40,2024-08-25 20:40:06,17,16.9,81,86,62,19,0,5,493,12,93,,true
2024-08-25 00:20:20,2024-08-25 23:51:24,UTC+02:00,2024-08-25 00:20:20,2024-08-25 09:49:30,96,16.6,533,566,413,79,41,33,552,70,94,69,false
2024-08-24 01:27:03,2024-08-25 00:20:20,UTC+02:00,2024-08-24 01:27:03,2024-08-24 08:06:58,73,17.1,378,397,264,58,56,19,518,37,95,75,false
2024-08-23 01:24:08,2024-08-24 01:27:03,UTC+02:00,2024-08-23 01:24:08,2024-08-23 09:41:08,89,16.7,463,496,379,61,23,33,521,33,93,66,false
2024-08-22 03:05:02,2024-08-23 01:24:08,UTC+02:00,2024-08-22 03:05:02,2024-08-22 11:22:31,90,16.2,470,494,361,71,38,24,522,10,95,53,false
2024-08-21 01:07:41,2024-08-22 03:05:02,UTC+02:00,2024-08-21 01:07:41,2024-08-21 09:28:32,97,16.5,474,496,339,62,73,22,490,0,95,39,false
2024-08-20 02:06:03,2024-08-21 01:07:41,UTC+02:00,2024-08-20 02:06:03,2024-08-20 11:10:38,100,16.0,514,544,307,76,131,30,463,127,94,21,false
2024-08-19 00:58:37,2024-08-19 20:06:03,UTC-04:00,2024-08-19 10:24:54,2024-08-19 13:14:06,24,17.3,143,169,107,13,23,26,606,127,90,,true
2024-08-19 00:58:37,2024-08-19 20:06:03,UTC-04:00,2024-08-19 00:58:37,2024-08-19 05:16:43,43,14.7,233,258,150,78,5,25,541,37,90,65,false
2024-08-17 23:29:09,2024-08-19 00:58:37,UTC-04:00,2024-08-17 23:29:09,2024-08-18 07:14:54,85,16.6,436,465,311,90,35,29,510,0,95,84,false
2024-08-16 23:22:22,2024-08-17 23:29:09,UTC-04:00,2024-08-16 23:22:22,2024-08-17 08:31:45,100,16.6,525,549,382,84,59,24,487,5,95,75,false
2024-08-15 23:03:31,2024-08-16 23:22:22,UTC-04:00,2024-08-15 23:03:31,2024-08-16 09:32:44,98,16.4,523,625,430,75,18,102,532,24,83,69,false
2024-08-14 22:07:18,2024-08-15 23:03:31,UTC-04:00,2024-08-14 22:07:18,2024-08-15 07:45:34,93,16.4,539,574,330,111,98,35,577,64,93,71,false
2024-08-13 23:29:35,2024-08-14 22:07:18,UTC-04:00,2024-08-13 23:29:35,2024-08-14 08:08:15,83,16.1,480,518,329,97,54,38,581,95,93,77,false
2024-08-12 23:24:41,2024-08-13 23:29:35,UTC-04:00,2024-08-12 23:24:41,2024-08-13 05:51:37,66,16.6,372,383,247,50,75,11,562,55,97,73,false
2024-08-11 23:12:08,2024-08-12 23:24:41,UTC-04:00,2024-08-11 23:12:08,2024-08-12 06:43:28,79,16.5,426,446,273,66,87,20,538,50,96,81,false
2024-08-11 00:10:14,2024-08-11 23:12:08,UTC-04:00,2024-08-11 00:10:14,2024-08-11 08:09:56,85,16.8,447,478,340,65,42,31,525,45,94,80,false
2024-08-10 00:01:45,2024-08-11 00:10:14,UTC-04:00,2024-08-10 00:01:45,2024-08-10 09:21:14,88,16.5,507,557,344,74,89,50,577,45,90,74,false
2024-08-09 00:17:57,2024-08-10 00:01:45,UTC-04:00,2024-08-09 00:17:57,2024-08-09 08:22:28,87,16.1,461,484,303,93,65,23,531,39,95,72,false
2024-08-07 23:54:35,2024-08-09 00:17:57,UTC-04:00,2024-08-07 23:54:35,2024-08-08 08:04:51,88,17.0,449,482,315,99,35,33,511,6,94,68,false
2024-08-06 23:04:04,2024-08-07 23:54:35,UTC-04:00,2024-08-06 23:04:04,2024-08-07 07:17:43,98,16.0,454,493,314,78,62,39,464,104,93,58,false
2024-08-05 22:57:45,2024-08-06 23:04:04,UTC-04:00,2024-08-06 15:19:17,2024-08-06 17:28:06,21,17.9,123,127,73,36,14,4,587,104,96,,true
2024-08-05 22:57:45,2024-08-06 23:04:04,UTC-04:00,2024-08-05 22:57:45,2024-08-06 07:03:44,73,16.6,446,481,368,51,27,35,609,116,94,67,false
2024-08-04 23:24:09,2024-08-05 22:57:45,UTC-04:00,2024-08-04 23:24:09,2024-08-05 07:13:16,70,16.3,427,469,327,49,51,42,609,127,93,58,false
2024-08-04 02:20:56,2024-08-04 23:24:09,UTC-04:00,2024-08-04 02:20:56,2024-08-04 09:15:46,60,17.1,387,411,234,95,58,24,645,97,94,49,false
2024-08-02 23:05:58,2024-08-04 02:20:56,UTC-04:00,2024-08-02 23:05:58,2024-08-03 05:55:00,66,17.0,373,409,260,46,67,36,568,80,92,58,false
2024-08-02 01:38:49,2024-08-02 23:05:58,UTC-04:00,2024-08-02 01:38:49,2024-08-02 08:53:20,72,16.9,408,434,202,78,128,26,568,86,94,48,false
2024-07-31 22:00:32,2024-08-02 01:38:49,UTC-04:00,2024-07-31 22:00:32,2024-08-01 05:12:10,70,16.7,408,427,222,87,99,19,580,90,95,63,false
2024-07-30 23:28:26,2024-07-31 22:00:32,UTC-04:00,2024-07-30 23:28:26,2024-07-31 07:59:22,77,16.8,470,510,314,62,94,40,611,127,92,68,false
2024-07-30 00:41:40,2024-07-30 23:28:26,UTC-04:00,2024-07-30 00:41:40,2024-07-30 06:50:20,52,18.0,317,366,161,79,77,49,606,114,86,69,false
2024-07-28 22:00:27,2024-07-30 00:41:40,UTC-04:00,2024-07-28 22:00:27,2024-07-29 05:04:25,62,17.1,377,419,165,75,137,42,607,127,90,65,false
2024-07-28 00:21:39,2024-07-28 22:00:27,UTC-04:00,2024-07-28 00:21:39,2024-07-28 06:19:46,54,16.9,310,358,203,48,59,48,577,32,88,64,false
2024-07-26 23:54:51,2024-07-28 00:21:39,UTC-04:00,2024-07-26 23:54:51,2024-07-27 07:28:10,90,16.2,436,453,289,84,63,17,487,0,96,54,false
2024-07-25 22:40:05,2024-07-26 23:54:51,UTC-04:00,2024-07-25 22:40:05,2024-07-26 07:50:55,100,15.9,525,550,385,70,70,25,481,0,96,52,false
2024-07-24 17:53:32,2024-07-25 22:40:05,UTC-04:00,2024-07-24 17:53:32,2024-07-25 05:59:52,100,16.1,679,725,483,119,77,46,584,93,93,43,false
2024-07-23 21:49:58,2024-07-24 17:53:32,UTC-04:00,2024-07-23 21:49:58,2024-07-24 05:10:15,68,16.3,392,429,278,51,63,37,580,85,94,61,false
2024-07-22 21:58:01,2024-07-23 21:49:58,UTC-04:00,2024-07-22 21:58:01,2024-07-23 05:10:38,70,16.3,397,432,227,94,76,35,568,69,92,62,false
2024-07-21 23:30:15,2024-07-22 21:58:01,UTC-04:00,2024-07-21 23:30:15,2024-07-22 06:34:41,74,16.3,394,418,264,75,55,24,533,28,94,76,false
2024-07-20 23:23:21,2024-07-21 23:30:15,UTC-04:00,2024-07-20 23:23:21,2024-07-21 07:29:50,91,16.6,463,486,257,100,106,23,507,73,95,63,false
2024-07-20 00:37:28,2024-07-20 23:23:21,UTC-04:00,2024-07-20 12:26:26,2024-07-20 13:27:00,11,16.2,60,60,54,0,6,0,552,73,100,,true
2024-07-20 00:37:28,2024-07-20 23:23:21,UTC-04:00,2024-07-20 00:37:28,2024-07-20 08:16:01,74,16.4,423,458,219,98,106,35,569,62,92,56,false
2024-07-18 23:53:29,2024-07-20 00:37:28,UTC-04:00,2024-07-18 23:53:29,2024-07-19 08:29:14,83,16.3,479,515,314,81,84,36,577,91,94,45,false
2024-07-17 21:56:29,2024-07-18 23:53:29,UTC-04:00,2024-07-17 21:56:29,2024-07-18 05:00:54,68,16.1,397,424,304,56,37,27,580,79,94,85,false
2024-07-16 21:41:41,2024-07-17 21:56:29,UTC-04:00,2024-07-16 21:41:41,2024-07-17 05:06:17,72,16.3,409,442,284,69,56,33,567,83,94,69,false
2024-07-15 21:55:52,2024-07-16 21:41:41,UTC-04:00,2024-07-15 21:55:52,2024-07-16 05:03:39,71,15.8,404,427,344,11,49,23,570,70,94,54,false
2024-07-14 21:48:11,2024-07-15 21:55:52,UTC-04:00,2024-07-14 21:48:11,2024-07-15 04:52:08,74,16.4,390,421,330,28,32,31,530,50,95,62,false
2024-07-13 23:30:36,2024-07-14 21:48:11,UTC-04:00,2024-07-13 23:30:36,2024-07-14 07:15:53,81,16.3,445,465,321,54,70,20,547,61,95,63,false
2024-07-13 01:10:29,2024-07-13 23:30:36,UTC-04:00,2024-07-13 01:10:29,2024-07-13 09:07:50,82,17.1,424,477,250,83,91,53,520,0,89,46,false
2024-07-11 22:53:52,2024-07-13 01:10:29,UTC-04:00,2024-07-11 22:53:52,2024-07-12 08:22:58,100,15.3,549,569,382,98,69,20,490,56,97,54,false
2024-07-10 22:01:03,2024-07-11 22:53:52,UTC-04:00,2024-07-11 14:30:43,2024-07-11 15:32:14,10,17.8,51,60,49,2,0,9,537,56,89,,true
2024-07-10 22:01:03,2024-07-11 22:53:52,UTC-04:00,2024-07-10 22:01:03,2024-07-11 06:51:41,84,15.8,471,530,346,85,40,59,559,69,90,79,false
2024-07-09 21:42:44,2024-07-10 22:01:03,UTC-04:00,2024-07-09 21:42:44,2024-07-10 05:16:29,76,16.5,431,453,312,63,56,22,570,74,96,71,false
2024-07-08 21:45:35,2024-07-09 21:42:44,UTC-04:00,2024-07-08 21:45:35,2024-07-09 05:01:03,73,16.7,409,434,279,31,99,25,558,74,96,76,false
2024-07-07 22:35:28,2024-07-08 21:45:35,UTC-04:00,2024-07-07 22:35:28,2024-07-08 06:34:41,79,16.2,444,479,295,78,71,35,559,63,92,87,false
2024-07-06 22:18:35,2024-07-07 22:35:28,UTC-04:00,2024-07-06 22:18:35,2024-07-07 07:45:17,84,16.0,503,564,367,98,38,61,601,88,90,81,false
2024-07-05 23:10:23,2024-07-06 22:18:35,UTC-04:00,2024-07-05 23:10:23,2024-07-06 07:07:12,76,16.0,434,473,255,84,95,39,570,76,94,86,false
2024-07-04 23:55:59,2024-07-05 23:10:23,UTC-04:00,2024-07-04 23:55:59,2024-07-05 08:04:48,79,17.1,457,484,342,62,53,27,575,52,94,76,false
2024-07-03 23:14:35,2024-07-04 23:55:59,UTC-04:00,2024-07-03 23:14:35,2024-07-04 07:59:57,85,15.5,470,525,318,86,66,55,552,66,89,73,false
2024-07-02 22:35:33,2024-07-03 23:14:35,UTC-04:00,2024-07-02 22:35:33,2024-07-03 07:16:07,83,15.9,492,520,345,82,65,28,596,115,96,69,false
2024-07-01 22:36:57,2024-07-02 22:35:33,UTC-04:00,2024-07-01 22:36:57,2024-07-02 06:10:42,70,16.5,414,445,261,93,60,31,595,106,93,61,false
2024-06-30 23:40:21,2024-07-01 22:36:57,UTC-04:00,2024-06-30 23:40:21,2024-07-01 06:03:26,62,15.8,353,378,222,82,49,25,566,71,93,57,false
2024-06-30 01:11:07,2024-06-30 23:40:21,UTC-04:00,2024-06-30 01:11:07,2024-06-30 09:57:57,82,15.2,504,523,370,66,68,19,616,127,96,56,false
2024-06-28 23:55:08,2024-06-30 01:11:07,UTC-04:00,2024-06-28 23:55:08,2024-06-29 06:14:52,56,16.3,353,379,253,59,41,26,626,124,95,74,false
2024-06-28 00:23:57,2024-06-28 23:55:08,UTC-04:00,2024-06-28 00:23:57,2024-06-28 07:01:27,61,15.6,384,397,271,59,54,13,634,126,97,59,false
2024-06-27 02:49:58,2024-06-28 00:23:57,UTC-04:00,2024-06-27 02:49:58,2024-06-27 08:35:36,56,16.0,321,345,238,41,42,24,574,60,95,36,false
2024-06-25 23:58:42,2024-06-27 02:49:58,UTC-04:00,2024-06-25 23:58:42,2024-06-26 06:59:52,81,16.6,400,421,303,62,35,21,494,0,97,42,false
2024-06-24 22:23:36,2024-06-25 23:58:42,UTC-04:00,2024-06-24 22:23:36,2024-06-25 07:12:44,100,16.8,475,529,329,82,64,54,452,127,89,20,false
2024-06-24 00:49:08,2024-06-24 22:23:36,UTC-04:00,2024-06-24 07:23:49,2024-06-24 10:07:43,26,15.2,155,163,89,40,26,8,606,127,97,,true
2024-06-24 00:49:08,2024-06-24 22:23:36,UTC-04:00,2024-06-24 00:49:08,2024-06-24 02:50:16,25,15.6,104,118,64,24,16,14,416,54,96,34,false
2024-06-22 22:13:03,2024-06-24 00:49:08,UTC-04:00,2024-06-23 18:54:51,2024-06-23 21:02:42,23,16.9,121,127,113,8,0,6,538,54,98,,true
2024-06-22 22:13:03,2024-06-24 00:49:08,UTC-04:00,2024-06-22 22:13:03,2024-06-23 04:21:55,76,14.9,339,366,200,75,64,27,447,85,93,41,false
2024-06-22 02:57:18,2024-06-23 03:13:03,UTC+01:00,2024-06-22 16:48:21,2024-06-22 18:48:02,21,17.7,117,119,100,10,7,2,565,85,98,,true
2024-06-22 02:57:18,2024-06-23 03:13:03,UTC+01:00,2024-06-22 02:57:18,2024-06-22 08:34:43,65,16.6,320,335,229,43,48,15,492,0,96,52,false
2024-06-20 21:19:17,2024-06-22 02:57:18,UTC+01:00,2024-06-20 21:19:17,2024-06-21 06:44:36,100,15.4,537,565,317,112,108,28,510,31,95,62,false
2024-06-19 23:38:07,2024-06-20 21:19:17,UTC+01:00,2024-06-19 23:38:07,2024-06-20 08:29:14,91,15.1,504,531,351,76,77,27,552,58,95,70,false
2024-06-19 01:15:39,2024-06-19 23:38:07,UTC+01:00,2024-06-19 01:15:39,2024-06-19 08:35:27,78,15.3,421,439,298,46,77,18,538,32,96,51,false
2024-06-18 00:36:34,2024-06-19 01:15:39,UTC+01:00,2024-06-18 00:36:34,2024-06-18 08:24:17,87,15.1,439,465,311,55,73,26,504,25,95,37,false
2024-06-16 22:54:58,2024-06-18 01:36:34,UTC+02:00,2024-06-16 22:54:58,2024-06-17 06:41:13,90,16.4,439,466,275,71,93,27,490,0,94,70,false
2024-06-15 23:02:02,2024-06-16 22:54:58,UTC+02:00,2024-06-15 23:02:02,2024-06-16 07:14:44,100,15.9,470,492,316,74,80,22,357,5,95,57,false
2024-06-14 22:09:55,2024-06-15 23:02:02,UTC+02:00,2024-06-15 14:37:12,2024-06-15 17:04:48,29,14.8,145,147,70,24,51,2,502,5,98,,true
2024-06-14 22:09:55,2024-06-15 23:02:02,UTC+02:00,2024-06-14 22:09:55,2024-06-15 05:57:37,98,16.1,446,464,283,99,64,18,454,17,96,62,false
2024-06-13 22:47:43,2024-06-14 22:09:55,UTC+02:00,2024-06-14 16:11:42,2024-06-14 17:32:27,14,15.8,71,76,26,22,23,5,524,17,92,,true
2024-06-13 22:47:43,2024-06-14 22:09:55,UTC+02:00,2024-06-13 22:47:43,2024-06-14 06:29:09,94,15.4,447,461,209,110,128,14,474,57,96,72,false
2024-06-12 23:09:14,2024-06-13 22:47:43,UTC+02:00,2024-06-13 17:25:39,2024-06-13 18:53:08,15,14.9,81,87,32,45,4,6,555,57,96,,true
2024-06-12 23:09:14,2024-06-13 22:47:43,UTC+02:00,2024-06-12 23:09:14,2024-06-13 07:11:49,78,15.6,410,482,252,57,101,72,524,39,85,83,false
2024-06-11 23:28:09,2024-06-12 23:09:14,UTC+02:00,2024-06-11 23:28:09,2024-06-12 07:31:41,89,15.6,473,481,304,50,119,8,534,41,98,71,false
2024-06-10 23:01:35,2024-06-11 23:28:09,UTC+02:00,2024-06-10 23:01:35,2024-06-11 07:08:30,88,14.6,457,486,305,72,80,29,521,10,93,64,false
2024-06-09 20:59:26,2024-06-10 23:01:35,UTC+02:00,2024-06-09 20:59:26,2024-06-10 05:56:20,97,17.1,498,536,358,44,96,38,515,13,94,50,false
2024-06-08 21:59:27,2024-06-09 20:59:26,UTC+02:00,2024-06-08 21:59:27,2024-06-09 06:32:20,96,15.8,496,509,292,79,125,13,516,20,97,29,false
2024-06-07 21:39:41,2024-06-08 21:59:27,UTC+02:00,2024-06-07 21:39:41,2024-06-08 05:55:15,93,16.8,455,495,313,74,68,40,487,0,91,17,false
2024-06-06 23:59:30,2024-06-07 21:39:41,UTC+02:00,2024-06-06 23:59:30,2024-06-07 08:34:17,100,16.7,464,514,330,34,100,50,464,127,91,13,false
2024-06-06 05:16:09,2024-06-06 23:59:30,UTC+02:00,2024-06-06 13:45:14,2024-06-06 16:20:29,24,16.3,143,155,96,23,24,12,606,127,92,,true
2024-06-06 05:16:09,2024-06-06 23:59:30,UTC+02:00,2024-06-06 05:16:09,2024-06-06 10:04:08,43,15.7,266,287,157,83,26,21,615,127,92,80,false
2024-06-05 00:07:42,2024-06-05 23:16:09,UTC-04:00,2024-06-05 00:07:42,2024-06-05 07:53:30,67,16.2,435,463,225,96,114,28,647,127,93,81,false
2024-06-04 00:58:34,2024-06-05 00:07:42,UTC-04:00,2024-06-04 00:58:34,2024-06-04 07:20:41,45,16.5,277,382,180,45,52,105,616,112,73,75,false
2024-06-02 22:36:35,2024-06-04 00:58:34,UTC-04:00,2024-06-02 22:36:35,2024-06-03 07:18:39,73,15.9,473,522,318,104,51,49,647,127,91,63,false
2024-06-02 00:49:24,2024-06-02 22:36:35,UTC-04:00,2024-06-02 00:49:24,2024-06-02 08:29:52,66,14.8,400,460,253,69,78,60,602,117,86,67,false
2024-06-01 00:09:03,2024-06-02 00:49:24,UTC-04:00,2024-06-01 00:09:03,2024-06-01 08:17:54,71,16.7,445,484,298,59,88,39,627,127,91,56,false
2024-05-31 01:50:10,2024-06-01 00:09:03,UTC-04:00,2024-05-31 01:50:10,2024-05-31 06:03:57,35,17.5,224,249,109,44,71,25,641,124,89,47,false
2024-05-29 22:20:00,2024-05-31 01:50:10,UTC-04:00,2024-05-29 22:20:00,2024-05-30 04:40:00,59,16.6,357,380,220,73,64,23,605,109,96,38,false
2024-05-29 00:05:10,2024-05-29 22:20:00,UTC-04:00,2024-05-29 00:05:10,2024-05-29 06:38:52,62,16.4,362,393,265,57,40,31,581,77,94,30,false
2024-05-28 00:14:54,2024-05-29 00:05:10,UTC-04:00,2024-05-28 00:14:54,2024-05-28 06:13:57,72,16.6,318,359,196,74,48,41,439,127,92,21,false
2024-05-27 05:29:01,2024-05-28 00:14:54,UTC-04:00,2024-05-27 11:27:06,2024-05-27 14:48:30,31,16.9,189,201,109,45,35,12,607,127,94,,true
2024-05-27 05:29:01,2024-05-28 00:14:54,UTC-04:00,2024-05-27 05:29:01,2024-05-27 08:59:04,30,16.4,156,210,129,27,0,54,525,35,75,53,false
2024-05-25 23:18:06,2024-05-27 02:29:01,UTC-07:00,2024-05-25 23:18:06,2024-05-26 08:22:13,90,15.9,517,540,338,106,73,23,572,73,97,41,false
2024-05-25 03:08:00,2024-05-25 23:18:06,UTC-07:00,2024-05-25 03:08:00,2024-05-25 08:01:43,64,16.5,264,291,154,76,34,27,411,127,93,26,false
2024-05-23 20:23:41,2024-05-25 03:08:00,UTC-07:00,2024-05-24 03:16:05,2024-05-24 07:11:08,36,15.7,215,232,140,39,36,17,606,127,96,,true
2024-05-23 20:23:41,2024-05-25 03:08:00,UTC-07:00,2024-05-23 20:23:41,2024-05-24 00:29:18,39,14.9,234,245,202,8,24,11,600,119,95,79,false
2024-05-22 22:53:14,2024-05-23 23:23:41,UTC-04:00,2024-05-22 22:53:14,2024-05-23 06:38:32,70,16.4,440,465,322,69,49,25,627,127,94,72,false
2024-05-22 01:14:40,2024-05-22 22:53:14,UTC-04:00,2024-05-22 01:14:40,2024-05-22 05:42:52,44,15.4,256,268,194,25,37,12,581,77,96,56,false
2024-05-20 22:47:22,2024-05-22 01:14:40,UTC-04:00,2024-05-20 22:47:22,2024-05-21 05:42:39,72,15.5,394,414,270,47,77,20,550,59,95,69,false
2024-05-19 23:06:26,2024-05-20 22:47:22,UTC-04:00,2024-05-19 23:06:26,2024-05-20 06:19:59,82,15.1,415,433,291,87,37,18,507,10,96,68,false
2024-05-18 22:38:06,2024-05-19 23:06:26,UTC-04:00,2024-05-18 22:38:06,2024-05-19 08:17:48,97,14.9,547,579,332,115,100,32,563,75,94,53,false
2024-05-18 00:59:40,2024-05-18 22:38:06,UTC-04:00,2024-05-18 00:59:40,2024-05-18 10:06:11,81,15.0,509,543,400,58,51,34,627,127,93,50,false
2024-05-17 00:30:51,2024-05-18 00:59:40,UTC-04:00,2024-05-17 00:30:51,2024-05-17 06:31:21,55,15.9,332,360,243,56,33,28,601,111,93,79,false
2024-05-15 23:15:41,2024-05-17 00:30:51,UTC-04:00,2024-05-15 23:15:41,2024-05-16 06:37:54,64,15.6,398,439,245,50,103,41,621,126,90,82,false
2024-05-14 22:46:30,2024-05-15 23:15:41,UTC-04:00,2024-05-14 22:46:30,2024-05-15 06:39:00,69,15.8,433,468,220,69,144,35,630,121,92,69,false
2024-05-13 23:25:59,2024-05-14 22:46:30,UTC-04:00,2024-05-13 23:25:59,2024-05-14 06:11:11,60,15.5,368,403,259,60,49,35,612,124,91,64,false
2024-05-12 23:23:14,2024-05-13 23:25:59,UTC-04:00,2024-05-12 23:23:14,2024-05-13 06:01:42,60,14.7,369,396,150,101,118,27,618,90,94,66,false
2024-05-12 00:56:59,2024-05-12 23:23:14,UTC-04:00,2024-05-12 00:56:59,2024-05-12 09:21:43,76,15.0,445,504,279,57,109,59,585,62,89,68,false
2024-05-11 00:17:52,2024-05-12 00:56:59,UTC-04:00,2024-05-11 00:17:52,2024-05-11 09:09:57,84,14.6,510,532,348,68,94,22,607,127,96,58,false
2024-05-10 01:17:15,2024-05-11 00:17:52,UTC-04:00,2024-05-10 01:17:15,2024-05-10 07:04:46,53,16.6,317,344,194,59,64,27,595,94,92,62,false
2024-05-08 22:29:43,2024-05-10 01:17:15,UTC-04:00,2024-05-08 22:29:43,2024-05-09 06:19:47,75,15.3,440,470,278,75,87,30,587,102,93,77,false
2024-05-07 22:11:28,2024-05-08 22:29:43,UTC-04:00,2024-05-07 22:11:28,2024-05-08 06:19:49,74,16.1,450,483,320,64,66,33,609,106,93,60,false
2024-05-06 23:24:21,2024-05-07 22:11:28,UTC-04:00,2024-05-06 23:24:21,2024-05-07 06:43:12,65,15.9,402,438,287,31,84,36,616,127,92,58,false
2024-05-05 23:44:55,2024-05-06 23:24:21,UTC-04:00,2024-05-05 23:44:55,2024-05-06 05:55:01,58,15.0,353,370,213,82,58,17,612,112,96,65,false
2024-05-05 00:49:52,2024-05-05 23:44:55,UTC-04:00,2024-05-05 00:49:52,2024-05-05 09:20:51,72,15.3,448,508,231,86,131,60,624,127,90,66,false
2024-05-04 03:17:34,2024-05-05 00:49:52,UTC-04:00,2024-05-04 03:17:34,2024-05-04 08:47:47,49,17.0,292,330,186,86,20,38,596,89,89,47,false
2024-05-03 01:01:03,2024-05-04 03:17:34,UTC-04:00,2024-05-03 01:01:03,2024-05-03 08:40:05,69,16.0,408,459,262,65,81,51,587,83,89,51,false
2024-05-01 22:34:56,2024-05-03 01:01:03,UTC-04:00,2024-05-01 22:34:56,2024-05-02 06:27:26,77,14.4,445,472,267,67,111,27,575,84,95,81,false
2024-04-30 22:28:54,2024-05-01 22:34:56,UTC-04:00,2024-04-30 22:28:54,2024-05-01 06:14:40,77,14.4,441,460,278,59,104,19,573,84,96,67,false
2024-04-29 22:45:29,2024-04-30 22:28:54,UTC-04:00,2024-04-29 22:45:29,2024-04-30 06:33:39,77,16.2,427,468,323,31,73,41,558,69,91,54,false
2024-04-28 21:23:18,2024-04-29 22:45:29,UTC-04:00,2024-04-28 21:23:18,2024-04-29 06:16:50,83,14.4,509,533,315,55,139,24,618,127,95,44,false
2024-04-28 02:41:14,2024-04-28 21:23:18,UTC-04:00,2024-04-28 02:41:14,2024-04-28 08:41:43,55,15.1,330,360,109,108,113,30,605,117,92,62,false
2024-04-27 01:28:06,2024-04-28 02:41:14,UTC-04:00,2024-04-27 01:28:06,2024-04-27 09:08:06,71,14.1,439,459,274,89,76,20,622,127,95,57,false
2024-04-26 01:39:31,2024-04-27 01:28:06,UTC-04:00,2024-04-26 01:39:31,2024-04-26 07:13:35,51,15.9,301,334,147,81,73,33,590,90,93,61,false
2024-04-24 23:15:06,2024-04-26 01:39:31,UTC-04:00,2024-04-24 23:15:06,2024-04-25 06:20:01,68,14.1,390,423,186,81,123,33,570,73,92,80,false
2024-04-23 22:08:01,2024-04-24 23:15:06,UTC-04:00,2024-04-23 22:08:01,2024-04-24 06:27:54,80,14.3,457,495,261,81,115,38,572,89,92,73,false
2024-04-22 22:39:16,2024-04-23 22:08:01,UTC-04:00,2024-04-22 22:39:16,2024-04-23 06:47:09,77,15.8,470,485,203,113,154,15,609,109,96,69,false
2024-04-21 23:56:59,2024-04-22 22:39:16,UTC-04:00,2024-04-21 23:56:59,2024-04-22 06:37:22,63,16.1,366,398,227,39,100,32,585,77,93,78,false
2024-04-20 23:31:41,2024-04-21 23:56:59,UTC-04:00,2024-04-20 23:31:41,2024-04-21 08:19:27,80,15.8,488,527,296,79,113,39,610,81,94,69,false
2024-04-20 00:38:27,2024-04-20 23:31:41,UTC-04:00,2024-04-20 00:38:27,2024-04-20 09:26:13,80,16.3,493,527,338,75,80,34,619,113,93,53,false
2024-04-18 23:22:57,2024-04-20 00:38:27,UTC-04:00,2024-04-18 23:22:57,2024-04-19 06:48:02,70,16.0,420,445,261,75,84,25,596,105,95,77,false
2024-04-17 23:14:12,2024-04-18 23:22:57,UTC-04:00,2024-04-17 23:14:12,2024-04-18 07:15:22,73,16.0,454,481,290,112,52,27,618,127,94,66,false
2024-04-16 22:42:22,2024-04-17 23:14:12,UTC-04:00,2024-04-16 22:42:22,2024-04-17 05:09:46,58,16.2,360,385,208,49,103,25,620,127,94,60,false
2024-04-15 22:38:07,2024-04-16 22:42:22,UTC-04:00,2024-04-15 22:38:07,2024-04-16 05:03:37,57,16.6,352,385,224,61,67,33,616,85,91,52,false
2024-04-14 23:53:20,2024-04-15 22:38:07,UTC-04:00,2024-04-14 23:53:20,2024-04-15 06:02:00,67,16.6,351,366,259,29,63,15,521,24,95,62,false
2024-04-14 00:12:40,2024-04-14 23:53:20,UTC-04:00,2024-04-14 00:12:40,2024-04-14 09:11:01,93,15.3,511,536,289,75,147,25,549,126,95,50,false
2024-04-13 02:19:01,2024-04-14 00:12:40,UTC-04:00,2024-04-13 13:28:34,2024-04-13 14:57:00,11,17.3,65,83,51,13,1,18,608,126,87,,true
2024-04-13 02:19:01,2024-04-14 00:12:40,UTC-04:00,2024-04-13 02:19:01,2024-04-13 09:03:15,59,15.2,370,400,222,62,86,30,623,126,95,40,false
2024-04-11 23:25:49,2024-04-13 02:19:01,UTC-04:00,2024-04-11 23:25:49,2024-04-12 05:09:29,56,16.3,323,343,189,56,78,20,575,78,94,79,false
2024-04-10 23:16:34,2024-04-11 23:25:49,UTC-04:00,2024-04-10 23:16:34,2024-04-11 06:34:56,72,15.5,400,438,285,68,47,38,556,66,91,72,false
2024-04-09 22:21:17,2024-04-10 23:16:34,UTC-04:00,2024-04-09 22:21:17,2024-04-10 07:17:15,83,15.6,497,535,312,49,136,38,600,106,92,55,false
2024-04-08 23:40:59,2024-04-09 22:21:17,UTC-04:00,2024-04-08 23:40:59,2024-04-09 04:53:24,58,15.4,291,312,173,61,57,21,503,15,98,54,false
2024-04-07 22:40:11,2024-04-08 23:40:59,UTC-04:00,2024-04-07 22:40:11,2024-04-08 07:08:15,95,15.1,490,508,268,83,139,18,513,23,96,58,false
2024-04-07 00:42:41,2024-04-07 22:40:11,UTC-04:00,2024-04-07 00:42:41,2024-04-07 10:02:39,94,16.2,533,557,217,128,188,24,570,86,95,65,false
2024-04-06 03:24:57,2024-04-07 00:42:41,UTC-04:00,2024-04-06 03:24:57,2024-04-06 10:16:53,69,16.9,384,409,220,69,95,25,557,51,93,45,false
2024-04-05 02:00:48,2024-04-06 03:24:57,UTC-04:00,2024-04-05 02:00:48,2024-04-05 10:06:44,85,15.3,445,485,284,50,111,40,525,44,94,35,false
2024-04-03 22:24:30,2024-04-05 02:00:48,UTC-04:00,2024-04-03 22:24:30,2024-04-04 07:10:51,87,16.7,475,526,268,93,114,51,544,55,90,73,false
2024-04-02 22:57:35,2024-04-03 22:24:30,UTC-04:00,2024-04-02 22:57:35,2024-04-03 07:14:06,80,15.3,434,496,293,77,64,62,544,49,91,58,false
2024-04-01 22:01:57,2024-04-02 22:57:35,UTC-04:00,2024-04-01 22:01:57,2024-04-02 05:45:47,82,15.6,438,463,262,57,119,25,537,48,94,45,false
2024-03-31 21:41:15,2024-04-01 22:01:57,UTC-04:00,2024-03-31 21:41:15,2024-04-01 05:11:09,82,15.8,429,447,274,58,97,18,525,14,95,56,false
2024-03-31 00:53:25,2024-03-31 21:41:15,UTC-04:00,2024-03-31 00:53:25,2024-03-31 09:50:47,96,15.4,522,537,302,113,107,15,545,36,97,75,false
2024-03-30 00:19:31,2024-03-31 00:53:25,UTC-04:00,2024-03-30 00:19:31,2024-03-30 09:26:59,90,14.9,511,547,328,79,104,36,569,66,94,69,false
2024-03-29 01:13:09,2024-03-30 00:19:31,UTC-04:00,2024-03-29 01:13:09,2024-03-29 08:58:55,77,16.9,437,465,266,87,84,28,571,72,95,53,false
2024-03-27 22:54:52,2024-03-29 01:13:09,UTC-04:00,2024-03-27 22:54:52,2024-03-28 06:50:43,74,16.1,420,475,290,73,57,55,565,63,90,76,false
2024-03-26 23:22:07,2024-03-27 22:54:52,UTC-04:00,2024-03-26 23:22:07,2024-03-27 07:05:28,81,16.2,425,461,277,77,71,36,524,37,95,65,false
2024-03-25 22:54:01,2024-03-26 23:22:07,UTC-04:00,2024-03-25 22:54:01,2024-03-26 07:43:44,90,16.2,503,529,267,108,128,26,562,79,95,56,false
2024-03-24 22:14:01,2024-03-25 22:54:01,UTC-04:00,2024-03-24 22:14:01,2024-03-25 05:11:14,76,16.3,387,415,258,62,67,28,510,20,93,45,false
2024-03-24 00:31:19,2024-03-24 22:14:01,UTC-04:00,2024-03-24 00:31:19,2024-03-24 10:48:57,95,14.6,566,617,325,122,119,51,598,103,93,52,false
2024-03-23 01:58:45,2024-03-24 00:31:19,UTC-04:00,2024-03-23 01:58:45,2024-03-23 09:10:23,65,16.2,386,431,217,75,94,45,593,82,91,45,false
2024-03-21 23:37:44,2024-03-23 01:58:45,UTC-04:00,2024-03-21 23:37:44,2024-03-22 06:57:03,71,14.6,401,437,231,86,84,36,566,80,91,77,false
2024-03-20 22:37:08,2024-03-21 23:37:44,UTC-04:00,2024-03-20 22:37:08,2024-03-21 06:29:37,72,14.7,419,472,232,92,95,53,580,88,88,84,false
2024-03-19 22:04:08,2024-03-20 22:37:08,UTC-04:00,2024-03-19 22:04:08,2024-03-20 06:25:57,77,15.5,461,492,246,94,121,31,600,98,94,79,false
2024-03-18 22:28:26,2024-03-19 22:04:08,UTC-04:00,2024-03-18 22:28:26,2024-03-19 06:37:44,75,14.9,449,489,271,96,82,40,603,101,91,68,false
2024-03-17 21:22:13,2024-03-18 22:28:26,UTC-04:00,2024-03-17 21:22:13,2024-03-18 05:19:02,73,14.8,434,476,311,64,59,42,592,78,91,62,false
2024-03-16 23:08:34,2024-03-17 21:22:13,UTC-04:00,2024-03-16 23:08:34,2024-03-17 07:59:41,80,15.1,478,531,307,81,90,53,600,105,92,74,false
2024-03-15 23:30:08,2024-03-16 23:08:34,UTC-04:00,2024-03-15 23:30:08,2024-03-16 07:29:51,73,15.6,452,477,262,99,91,25,617,127,96,71,false
2024-03-15 02:51:22,2024-03-15 23:30:08,UTC-04:00,2024-03-15 02:51:22,2024-03-15 07:24:52,41,16.0,244,273,146,57,41,29,591,85,91,46,false
2024-03-13 23:10:51,2024-03-15 02:51:22,UTC-04:00,2024-03-13 23:10:51,2024-03-14 06:56:38,71,15.1,422,465,286,62,74,43,593,90,91,75,false
2024-03-12 22:15:19,2024-03-13 23:10:51,UTC-04:00,2024-03-12 22:15:19,2024-03-13 05:00:02,68,15.2,389,404,229,70,90,15,570,74,96,81,false
2024-03-11 22:39:37,2024-03-12 22:15:19,UTC-04:00,2024-03-11 22:39:37,2024-03-12 06:26:20,79,15.7,427,459,267,81,79,32,543,60,93,78,false
2024-03-10 22:25:26,2024-03-11 22:39:37,UTC-04:00,2024-03-10 22:25:26,2024-03-11 06:48:15,83,16.1,460,502,280,92,88,42,554,52,91,77,false
2024-03-09 21:29:02,2024-03-10 21:25:26,UTC-05:00,2024-03-09 21:29:02,2024-03-10 07:06:30,86,15.1,501,573,314,74,113,72,582,74,87,68,false
2024-03-08 22:56:56,2024-03-09 21:29:02,UTC-05:00,2024-03-08 22:56:56,2024-03-09 07:44:51,81,14.6,499,525,303,69,127,26,615,121,96,69,false
2024-03-07 23:51:26,2024-03-08 22:56:56,UTC-05:00,2024-03-07 23:51:26,2024-03-08 06:15:00,57,16.9,329,383,212,74,43,54,573,67,88,72,false
2024-03-06 22:11:36,2024-03-07 23:51:26,UTC-05:00,2024-03-06 22:11:36,2024-03-07 05:16:40,75,15.8,400,423,252,62,86,23,535,52,94,84,false
2024-03-05 21:58:43,2024-03-06 22:11:36,UTC-05:00,2024-03-05 21:58:43,2024-03-06 06:09:30,85,16.6,452,490,322,62,68,38,533,49,92,75,false
2024-03-04 21:37:03,2024-03-05 21:58:43,UTC-05:00,2024-03-04 21:37:03,2024-03-05 06:18:07,87,15.8,492,519,323,76,93,27,568,75,96,62,false
2024-03-03 22:25:36,2024-03-04 21:37:03,UTC-05:00,2024-03-03 22:25:36,2024-03-04 06:21:02,75,16.3,438,473,221,107,110,35,589,66,92,68,false
2024-03-02 23:54:58,2024-03-03 22:25:36,UTC-05:00,2024-03-02 23:54:58,2024-03-03 08:04:45,82,15.5,467,489,313,70,84,22,569,66,95,71,false
2024-03-02 00:41:23,2024-03-02 23:54:58,UTC-05:00,2024-03-02 00:41:23,2024-03-02 09:02:43,82,15.2,467,498,258,86,123,31,570,82,94,57,false
2024-02-29 23:23:56,2024-03-02 00:41:23,UTC-05:00,2024-02-29 23:23:56,2024-03-01 06:57:12,72,15.6,415,453,224,57,134,38,581,91,95,80,false
2024-02-28 23:38:17,2024-02-29 23:23:56,UTC-05:00,2024-02-28 23:38:17,2024-02-29 06:25:55,68,15.6,381,407,246,42,93,26,563,79,93,73,false
2024-02-27 22:08:50,2024-02-28 23:38:17,UTC-05:00,2024-02-27 22:08:50,2024-02-28 06:13:21,78,16.2,440,484,290,58,92,44,564,73,90,72,false
2024-02-26 22:31:12,2024-02-27 22:08:50,UTC-05:00,2024-02-26 22:31:12,2024-02-27 06:26:05,79,16.2,442,467,297,92,53,25,556,67,94,59,false
2024-02-25 21:47:00,2024-02-26 22:31:12,UTC-05:00,2024-02-25 21:47:00,2024-02-26 06:08:49,82,15.2,470,495,281,76,113,25,574,82,95,43,false
2024-02-25 01:58:14,2024-02-25 21:47:00,UTC-05:00,2024-02-25 01:58:14,2024-02-25 09:17:04,70,15.4,391,438,164,91,136,47,556,34,89,43,false
2024-02-23 22:47:31,2024-02-25 01:58:14,UTC-05:00,2024-02-23 22:47:31,2024-02-24 07:18:27,90,15.3,479,501,298,81,100,22,532,127,96,53,false
2024-02-23 02:57:11,2024-02-23 22:47:31,UTC-05:00,2024-02-23 12:03:23,2024-02-23 13:39:31,15,16.3,90,96,57,21,12,6,613,127,93,,true
2024-02-23 02:57:11,2024-02-23 22:47:31,UTC-05:00,2024-02-23 02:57:11,2024-02-23 06:49:49,31,18.2,174,232,72,54,48,58,560,47,79,45,false
2024-02-21 21:29:17,2024-02-23 02:57:11,UTC-05:00,2024-02-21 21:29:17,2024-02-22 06:37:15,87,15.4,485,547,358,59,68,62,559,58,93,72,false
2024-02-20 22:00:30,2024-02-21 21:29:17,UTC-05:00,2024-02-20 22:00:30,2024-02-21 06:29:02,84,14.6,469,505,257,101,111,36,560,55,93,65,false
2024-02-19 22:32:38,2024-02-20 22:00:30,UTC-05:00,2024-02-19 22:32:38,2024-02-20 06:36:17,84,14.3,466,482,232,67,167,16,553,59,96,59,false
2024-02-19 00:43:43,2024-02-19 22:32:38,UTC-05:00,2024-02-19 00:43:43,2024-02-19 07:29:52,81,14.5,390,401,147,80,163,11,482,0,97,45,false
2024-02-17 21:50:09,2024-02-19 00:43:43,UTC-05:00,2024-02-17 21:50:09,2024-02-18 10:49:47,100,15.1,676,779,345,128,203,103,640,127,86,32,false
2024-02-17 01:30:15,2024-02-17 21:50:09,UTC-05:00,2024-02-17 01:30:15,2024-02-17 07:09:07,52,14.7,319,338,127,54,138,19,617,127,97,75,false
2024-02-16 02:57:34,2024-02-17 01:30:15,UTC-05:00,2024-02-16 02:57:34,2024-02-16 06:54:03,35,16.9,212,235,134,49,29,23,612,114,95,57,false
2024-02-15 00:24:51,2024-02-16 02:57:34,UTC-05:00,2024-02-15 00:24:51,2024-02-15 06:38:49,60,16.6,347,372,174,67,106,25,577,88,93,72,false
2024-02-13 22:02:51,2024-02-15 00:24:51,UTC-05:00,2024-02-13 22:02:51,2024-02-14 06:23:15,78,15.6,480,500,322,83,75,20,617,106,95,62,false
2024-02-13 00:39:57,2024-02-13 22:02:51,UTC-05:00,2024-02-13 00:39:57,2024-02-13 07:29:58,64,15.8,381,410,178,58,145,29,594,101,95,73,false
2024-02-11 23:38:37,2024-02-13 00:39:57,UTC-05:00,2024-02-11 23:38:37,2024-02-12 06:06:02,64,15.8,367,383,225,51,91,16,569,67,96,72,false
2024-02-11 00:48:58,2024-02-11 23:38:37,UTC-05:00,2024-02-11 00:48:58,2024-02-11 09:01:40,77,15.7,449,484,283,107,59,35,584,62,92,68,false
2024-02-09 23:21:49,2024-02-11 00:48:58,UTC-05:00,2024-02-09 23:21:49,2024-02-10 08:39:52,85,15.8,527,558,355,68,104,31,624,127,94,64,false
2024-02-09 01:39:31,2024-02-09 23:21:49,UTC-05:00,2024-02-09 01:39:31,2024-02-09 07:16:00,50,17.4,255,334,135,70,50,79,514,16,77,56,false
2024-02-07 21:52:25,2024-02-09 01:39:31,UTC-05:00,2024-02-07 21:52:25,2024-02-08 07:10:56,95,16.3,531,557,344,59,128,26,557,71,95,73,false
2024-02-06 23:10:07,2024-02-07 21:52:25,UTC-05:00,2024-02-06 23:10:07,2024-02-07 06:41:56,75,16.2,430,451,247,95,88,21,572,79,95,72,false
2024-02-05 22:07:39,2024-02-06 23:10:07,UTC-05:00,2024-02-05 22:07:39,2024-02-06 05:19:17,71,15.5,399,431,213,102,84,32,558,72,92,64,false
2024-02-04 22:39:10,2024-02-05 22:07:39,UTC-05:00,2024-02-04 22:39:10,2024-02-05 06:05:42,79,14.9,411,446,224,60,127,35,524,29,94,71,false
2024-02-03 23:08:40,2024-02-04 22:39:10,UTC-05:00,2024-02-03 23:08:40,2024-02-04 08:47:30,92,14.9,520,570,338,95,87,50,565,45,94,66,false
2024-02-02 23:44:49,2024-02-03 23:08:40,UTC-05:00,2024-02-02 23:44:49,2024-02-03 08:58:40,88,15.7,534,553,323,92,119,19,606,114,97,52,false
2024-02-02 01:10:04,2024-02-02 23:44:49,UTC-05:00,2024-02-02 01:10:04,2024-02-02 06:44:36,56,16.6,294,324,109,87,98,30,524,39,92,52,false
2024-01-31 21:25:35,2024-02-02 01:10:04,UTC-05:00,2024-01-31 21:25:35,2024-02-01 06:37:22,90,15.6,523,551,376,52,95,28,584,73,95,69,false
2024-01-30 21:10:00,2024-01-31 21:25:35,UTC-05:00,2024-01-30 21:10:00,2024-01-31 04:55:00,74,14.7,422,465,239,72,111,43,570,85,90,58,false
2024-01-29 22:29:46,2024-01-30 21:10:00,UTC-05:00,2024-01-29 22:29:46,2024-01-30 06:10:43,71,15.8,411,459,264,76,71,48,582,77,92,52,false
2024-01-28 21:51:32,2024-01-29 22:29:46,UTC-05:00,2024-01-28 21:51:32,2024-01-29 05:12:47,72,15.9,406,441,316,33,57,35,561,64,95,47,false
2024-01-28 00:14:31,2024-01-28 21:51:32,UTC-05:00,2024-01-28 00:14:31,2024-01-28 08:50:45,78,15.5,453,514,311,53,89,61,581,82,88,48,false
2024-01-27 02:39:16,2024-01-28 00:14:31,UTC-05:00,2024-01-27 02:39:16,2024-01-27 10:21:11,73,15.6,435,461,217,104,114,26,599,112,94,30,false
2024-01-26 00:52:51,2024-01-27 02:39:16,UTC-05:00,2024-01-26 00:52:51,2024-01-26 06:37:01,59,17.2,324,341,176,71,77,17,549,44,95,57,false
2024-01-24 21:08:36,2024-01-26 00:52:51,UTC-05:00,2024-01-24 21:08:36,2024-01-25 05:29:01,88,15.3,481,495,313,78,90,14,549,57,98,70,false
2024-01-23 21:59:12,2024-01-24 21:08:36,UTC-05:00,2024-01-23 21:59:12,2024-01-24 05:59:51,84,15.8,457,480,310,72,75,23,546,60,95,69,false
2024-01-22 22:46:21,2024-01-23 21:59:12,UTC-05:00,2024-01-22 22:46:21,2024-01-23 06:26:50,78,15.5,435,457,208,72,155,22,556,62,95,64,false
2024-01-21 22:12:53,2024-01-22 22:46:21,UTC-05:00,2024-01-21 22:12:53,2024-01-22 05:09:36,77,15.1,405,416,221,42,142,11,529,32,97,61,false
2024-01-20 23:51:10,2024-01-21 22:12:53,UTC-05:00,2024-01-20 23:51:10,2024-01-21 08:09:37,90,15.8,471,492,302,76,93,21,521,12,95,51,false
2024-01-19 23:19:14,2024-01-20 23:51:10,UTC-05:00,2024-01-19 23:19:14,2024-01-20 10:49:27,97,14.7,568,690,340,124,104,122,587,92,82,42,false
2024-01-18 23:56:04,2024-01-19 23:19:14,UTC-05:00,2024-01-18 23:56:04,2024-01-19 06:19:38,66,16.2,364,383,136,59,169,19,549,54,95,70,false
2024-01-17 22:08:20,2024-01-18 23:56:04,UTC-05:00,2024-01-17 22:08:20,2024-01-18 06:16:41,84,15.6,462,481,262,75,125,19,548,55,96,74,false
2024-01-16 20:48:59,2024-01-17 22:08:20,UTC-05:00,2024-01-16 20:48:59,2024-01-17 05:37:42,85,15.5,504,528,354,54,96,24,591,90,95,56,false
2024-01-15 22:00:28,2024-01-16 20:48:59,UTC-05:00,2024-01-15 22:00:28,2024-01-16 06:08:54,76,15.4,457,479,302,33,122,22,598,112,95,53,false
2024-01-14 22:52:41,2024-01-15 22:00:28,UTC-05:00,2024-01-14 22:52:41,2024-01-15 06:05:17,63,17.0,391,422,248,67,76,31,616,116,95,55,false
2024-01-14 02:32:31,2024-01-14 22:52:41,UTC-05:00,2024-01-14 02:32:31,2024-01-14 08:02:15,57,16.1,307,329,153,80,74,22,541,37,96,38,false
2024-01-13 00:44:32,2024-01-14 02:32:31,UTC-05:00,2024-01-13 00:44:32,2024-01-13 10:22:17,90,16.9,539,560,293,111,135,21,598,113,96,40,false
2024-01-11 23:23:04,2024-01-13 00:44:32,UTC-05:00,2024-01-11 23:23:04,2024-01-12 05:44:43,60,16.7,335,375,221,74,40,40,561,64,89,81,false
2024-01-10 22:20:12,2024-01-11 23:23:04,UTC-05:00,2024-01-10 22:20:12,2024-01-11 05:56:50,77,16.7,428,454,255,60,113,26,557,71,94,81,false
2024-01-09 22:19:26,2024-01-10 22:20:12,UTC-05:00,2024-01-09 22:19:26,2024-01-10 06:53:45,81,16.5,471,510,232,109,130,39,581,98,92,70,false
2024-01-08 23:24:24,2024-01-09 22:19:26,UTC-05:00,2024-01-08 23:24:24,2024-01-09 05:39:21,64,18.5,350,374,204,35,111,24,547,52,93,57,false
2024-01-07 21:23:15,2024-01-08 23:24:24,UTC-05:00,2024-01-07 21:23:15,2024-01-08 05:46:01,81,15.9,449,502,263,99,87,53,555,47,89,63,false
2024-01-06 22:28:03,2024-01-07 21:23:15,UTC-05:00,2024-01-06 22:28:03,2024-01-07 07:49:56,87,16.0,506,561,252,101,153,55,580,78,90,61,false
2024-01-06 00:38:25,2024-01-06 22:28:03,UTC-05:00,2024-01-06 00:38:25,2024-01-06 07:53:24,72,15.4,399,431,227,98,74,32,556,46,94,79,false
2024-01-05 01:02:46,2024-01-06 00:38:25,UTC-05:00,2024-01-05 01:02:46,2024-01-05 09:59:40,88,15.1,515,536,251,78,186,21,587,76,96,73,false
2024-01-04 00:38:14,2024-01-05 01:02:46,UTC-05:00,2024-01-04 00:38:14,2024-01-04 08:25:55,73,16.8,414,459,188,106,120,45,567,64,90,75,false
2024-01-03 01:09:41,2024-01-04 00:38:14,UTC-05:00,2024-01-03 01:09:41,2024-01-03 08:44:52,76,15.9,405,455,300,62,43,50,535,45,89,64,false
2024-01-01 22:59:56,2024-01-03 01:09:41,UTC-05:00,2024-01-01 22:59:56,2024-01-02 08:32:24,85,15.9,527,568,366,68,93,41,617,127,93,53,false
2024-01-01 03:42:29,2024-01-01 22:59:56,UTC-05:00,2024-01-01 03:42:29,2024-01-01 09:05:00,56,17.0,318,322,177,67,74,4,573,62,98,61,false
2023-12-31 03:28:05,2024-01-01 03:42:29,UTC-05:00,2023-12-31 03:28:05,2023-12-31 10:31:33,76,16.7,404,423,195,89,120,19,528,0,95,50,false
2023-12-29 23:06:51,2023-12-31 03:28:05,UTC-05:00,2023-12-29 23:06:51,2023-12-30 08:19:07,100,15.7,501,545,242,135,124,44,485,0,91,75,false
2023-12-29 00:21:40,2023-12-29 23:06:51,UTC-05:00,2023-12-29 00:21:40,2023-12-29 10:15:17,100,16.2,524,593,394,84,46,69,500,1,88,79,false
2023-12-28 00:48:35,2023-12-29 00:21:40,UTC-05:00,2023-12-28 00:48:35,2023-12-28 09:50:46,99,15.8,488,542,272,107,109,54,491,0,90,67,false
2023-12-26 23:09:47,2023-12-28 00:48:35,UTC-05:00,2023-12-26 23:09:47,2023-12-27 08:55:42,100,16.6,547,581,324,99,124,34,536,46,94,80,false
2023-12-25 23:50:24,2023-12-26 23:09:47,UTC-05:00,2023-12-25 23:50:24,2023-12-26 08:53:04,87,15.3,503,542,270,98,135,39,576,45,94,70,false
2023-12-24 23:22:49,2023-12-25 23:50:24,UTC-05:00,2023-12-24 23:22:49,2023-12-25 08:20:41,85,15.8,513,537,319,64,130,24,605,80,96,66,false
2023-12-23 22:45:13,2023-12-24 23:22:49,UTC-05:00,2023-12-23 22:45:13,2023-12-24 05:00:08,68,15.6,350,374,222,49,79,24,511,0,94,66,false
2023-12-22 23:00:34,2023-12-23 22:45:13,UTC-05:00,2023-12-22 23:00:34,2023-12-23 10:21:10,100,14.6,625,679,351,86,188,54,548,67,92,61,false
2023-12-22 00:49:28,2023-12-22 23:00:34,UTC-05:00,2023-12-22 00:49:28,2023-12-22 08:18:24,75,15.1,402,448,252,58,92,46,538,49,90,72,false
2023-12-21 00:00:25,2023-12-22 00:49:28,UTC-05:00,2023-12-21 00:00:25,2023-12-21 07:36:07,81,15.5,427,454,290,64,73,27,525,38,94,78,false
2023-12-20 00:39:13,2023-12-21 00:00:25,UTC-05:00,2023-12-20 00:39:13,2023-12-20 09:11:36,89,16.2,469,512,342,74,53,43,529,0,93,82,false
2023-12-19 01:00:47,2023-12-20 00:39:13,UTC-05:00,2023-12-19 01:00:47,2023-12-19 10:51:59,100,15.5,546,589,322,95,129,43,486,0,94,76,false
2023-12-18 00:17:18,2023-12-19 01:00:47,UTC-05:00,2023-12-18 00:17:18,2023-12-18 10:25:49,100,15.8,531,603,337,110,84,72,515,0,88,79,false
2023-12-17 00:01:55,2023-12-18 00:17:18,UTC-05:00,2023-12-17 00:01:55,2023-12-17 09:44:00,100,15.7,533,582,324,86,123,49,516,28,94,80,false
2023-12-15 23:13:31,2023-12-17 00:01:55,UTC-05:00,2023-12-15 23:13:31,2023-12-16 08:39:44,92,15.5,516,566,299,79,138,50,560,70,93,67,false
2023-12-15 00:56:06,2023-12-15 23:13:31,UTC-05:00,2023-12-15 00:56:06,2023-12-15 09:46:45,82,16.5,490,530,269,90,131,40,601,94,92,75,false
2023-12-14 00:39:41,2023-12-15 00:56:06,UTC-05:00,2023-12-14 00:39:41,2023-12-14 07:53:43,67,17.2,378,433,186,77,115,55,566,74,89,88,false
2023-12-13 00:11:09,2023-12-14 00:39:41,UTC-05:00,2023-12-13 00:11:09,2023-12-13 08:17:35,74,16.6,423,485,268,93,62,62,573,80,87,85,false
2023-12-12 00:58:26,2023-12-13 00:11:09,UTC-05:00,2023-12-12 00:58:26,2023-12-12 08:09:07,71,16.8,402,425,217,89,96,23,563,67,95,77,false
2023-12-10 23:54:59,2023-12-12 00:58:26,UTC-05:00,2023-12-10 23:54:59,2023-12-11 08:10:04,81,17.1,459,484,350,49,60,25,564,62,94,79,false
2023-12-09 21:45:00,2023-12-10 23:54:59,UTC-05:00,2023-12-09 21:45:00,2023-12-10 07:44:23,84,15.5,519,599,303,88,128,80,615,106,88,65,false
2023-12-09 00:20:54,2023-12-09 21:45:00,UTC-05:00,2023-12-09 00:20:54,2023-12-09 07:08:30,63,16.6,368,407,181,83,104,39,581,79,91,80,false
2023-12-08 00:47:12,2023-12-09 00:20:54,UTC-05:00,2023-12-08 00:47:12,2023-12-08 08:23:21,78,16.5,431,456,215,108,108,25,554,65,94,70,false
2023-12-06 23:38:40,2023-12-08 00:47:12,UTC-05:00,2023-12-06 23:38:40,2023-12-07 08:00:00,83,16.3,484,501,242,110,132,17,586,87,96,72,false
2023-12-05 23:24:08,2023-12-06 23:38:40,UTC-05:00,2023-12-05 23:24:08,2023-12-06 06:37:41,70,16.2,402,433,224,67,111,31,577,86,95,64,false
2023-12-04 22:53:34,2023-12-05 23:24:08,UTC-05:00,2023-12-04 22:53:34,2023-12-05 07:14:54,78,15.9,463,484,252,67,144,21,597,91,95,48,false
2023-12-03 22:36:16,2023-12-04 22:53:34,UTC-05:00,2023-12-03 22:36:16,2023-12-04 05:59:55,69,16.5,408,438,190,89,129,30,590,95,93,41,false
2023-12-03 02:17:05,2023-12-03 22:36:16,UTC-05:00,2023-12-03 02:17:05,2023-12-03 08:08:26,62,16.8,312,351,199,44,69,39,503,70,92,47,false
2023-12-02 02:08:01,2023-12-03 02:17:05,UTC-05:00,2023-12-02 20:12:44,2023-12-02 21:51:16,12,18.2,65,98,38,9,18,33,561,70,71,,true
2023-12-02 02:08:01,2023-12-03 02:17:05,UTC-05:00,2023-12-02 02:08:01,2023-12-02 10:46:39,81,16.2,484,518,243,107,134,34,595,94,96,50,false
2023-12-01 03:01:27,2023-12-02 02:08:01,UTC-05:00,2023-12-01 03:01:27,2023-12-01 09:39:55,66,15.9,370,393,204,88,78,23,559,74,94,37,false
2023-11-29 23:19:56,2023-12-01 03:01:27,UTC-05:00,2023-11-29 23:19:56,2023-11-30 07:09:03,74,16.8,433,469,214,64,155,36,581,88,92,75,false
2023-11-28 23:04:30,2023-11-29 23:19:56,UTC-05:00,2023-11-28 23:04:30,2023-11-29 06:05:37,69,16.2,397,414,219,74,104,17,574,81,96,65,false
2023-11-27 23:51:42,2023-11-28 23:04:30,UTC-05:00,2023-11-27 23:51:42,2023-11-28 06:47:57,71,16.1,397,413,249,60,88,16,560,46,96,54,false
2023-11-26 22:33:19,2023-11-27 23:51:42,UTC-05:00,2023-11-26 22:33:19,2023-11-27 06:05:37,86,15.9,442,452,294,74,74,10,515,28,97,39,false
2023-11-25 00:31:04,2023-11-25 21:47:24,UTC-05:00,2023-11-25 00:31:04,2023-11-25 08:45:12,91,15.8,478,494,301,85,92,16,522,0,96,79,false
2023-11-23 21:47:24,2023-11-25 00:31:04,UTC-05:00,2023-11-23 21:47:24,2023-11-24 08:50:14,100,14.7,601,662,368,99,134,61,597,96,90,60,false
2023-11-23 00:36:15,2023-11-23 21:47:24,UTC-05:00,2023-11-23 00:36:15,2023-11-23 08:39:18,69,15.6,436,483,253,118,65,47,629,116,90,81,false
2023-11-22 00:42:00,2023-11-23 00:36:15,UTC-05:00,2023-11-22 00:42:00,2023-11-22 06:39:08,58,16.5,326,357,199,78,49,31,559,59,95,85,false
2023-11-21 00:24:15,2023-11-22 00:42:00,UTC-05:00,2023-11-21 00:24:15,2023-11-21 08:04:14,83,15.2,439,459,243,93,103,20,531,32,97,83,false
2023-11-19 23:36:43,2023-11-21 00:24:15,UTC-05:00,2023-11-19 23:36:43,2023-11-20 08:01:53,90,15.9,471,505,232,105,134,34,522,37,93,79,false
2023-11-19 00:35:39,2023-11-19 23:36:43,UTC-05:00,2023-11-19 00:35:39,2023-11-19 09:22:27,89,16.3,480,523,268,100,112,43,538,51,93,76,false
2023-11-17 23:31:52,2023-11-19 00:35:39,UTC-05:00,2023-11-17 23:31:52,2023-11-18 08:54:15,87,15.4,523,557,300,112,111,34,604,99,93,77,false
2023-11-17 00:26:18,2023-11-17 23:31:52,UTC-05:00,2023-11-17 00:26:18,2023-11-17 07:49:00,67,15.8,408,442,252,102,54,34,607,98,95,81,false
2023-11-16 00:02:06,2023-11-17 00:26:18,UTC-05:00,2023-11-16 00:02:06,2023-11-16 06:38:10,65,16.2,369,392,215,62,92,23,565,67,94,83,false
2023-11-14 23:47:44,2023-11-16 00:02:06,UTC-05:00,2023-11-14 23:47:44,2023-11-15 07:58:01,82,16.2,473,489,280,69,124,16,578,62,96,78,false
2023-11-13 23:58:24,2023-11-14 23:47:44,UTC-05:00,2023-11-13 23:58:24,2023-11-14 08:39:55,84,15.4,499,521,286,81,132,22,596,96,95,68,false
2023-11-12 23:12:33,2023-11-13 23:58:24,UTC-05:00,2023-11-12 23:12:33,2023-11-13 06:24:11,67,15.7,397,422,240,58,99,25,591,87,94,58,false
2023-11-12 00:18:08,2023-11-12 23:12:33,UTC-05:00,2023-11-12 00:18:08,2023-11-12 08:21:12,77,15.5,448,470,278,79,91,22,583,95,97,47,false
2023-11-11 01:53:40,2023-11-12 00:18:08,UTC-05:00,2023-11-11 01:53:40,2023-11-11 10:34:42,77,16.4,491,518,315,106,70,27,639,127,95,39,false
2023-11-10 03:21:15,2023-11-11 01:53:40,UTC-05:00,2023-11-10 03:21:15,2023-11-10 07:16:47,35,16.0,205,235,88,43,74,30,594,75,88,45,false
2023-11-08 22:04:33,2023-11-10 03:21:15,UTC-05:00,2023-11-08 22:04:33,2023-11-09 06:29:14,80,14.7,466,504,262,105,99,38,583,82,92,83,false
2023-11-07 22:40:37,2023-11-08 22:04:33,UTC-05:00,2023-11-07 22:40:37,2023-11-08 06:19:39,72,15.6,427,456,334,62,31,29,593,99,96,81,false
2023-11-06 23:34:33,2023-11-07 22:40:37,UTC-05:00,2023-11-06 23:34:33,2023-11-07 07:23:41,74,15.4,437,465,238,99,100,28,592,86,95,73,false
2023-11-05 22:19:43,2023-11-06 23:34:33,UTC-05:00,2023-11-05 22:19:43,2023-11-06 05:56:49,76,15.9,433,457,272,74,87,24,568,85,95,85,false
2023-11-04 22:32:14,2023-11-05 22:19:43,UTC-05:00,2023-11-04 22:32:14,2023-11-05 06:09:20,76,16.1,412,453,234,97,81,41,545,62,92,81,false
2023-11-03 23:03:01,2023-11-04 23:32:14,UTC-04:00,2023-11-03 23:03:01,2023-11-04 07:38:17,83,15.5,480,515,339,44,97,35,577,95,93,72,false
2023-11-03 01:16:32,2023-11-03 23:03:01,UTC-04:00,2023-11-03 01:16:32,2023-11-03 08:29:36,68,15.8,413,433,219,121,73,20,604,110,95,61,false
2023-11-01 23:22:00,2023-11-03 01:16:32,UTC-04:00,2023-11-01 23:22:00,2023-11-02 06:37:57,69,16.3,386,435,257,59,70,49,559,74,91,71,false
2023-10-31 23:02:46,2023-11-01 23:22:00,UTC-04:00,2023-10-31 23:02:46,2023-11-01 06:42:18,78,15.4,421,457,229,76,116,36,537,48,94,67,false
2023-10-31 00:18:30,2023-10-31 23:02:46,UTC-04:00,2023-10-31 00:18:30,2023-10-31 08:09:34,85,13.9,423,466,239,78,106,43,498,47,93,58,false
2023-10-29 21:44:10,2023-10-31 00:18:30,UTC-04:00,2023-10-30 10:43:25,2023-10-30 11:27:20,7,16.2,35,43,26,9,0,8,527,47,82,,true
2023-10-29 21:44:10,2023-10-31 00:18:30,UTC-04:00,2023-10-29 21:44:10,2023-10-30 07:17:07,88,15.8,541,572,232,86,223,31,614,127,96,45,false
2023-10-29 02:42:39,2023-10-29 21:44:10,UTC-04:00,2023-10-29 02:42:39,2023-10-29 08:11:25,47,14.8,304,328,183,50,71,24,641,127,92,66,false
2023-10-28 03:41:46,2023-10-29 02:42:39,UTC-04:00,2023-10-28 03:41:46,2023-10-28 09:06:13,46,15.2,293,321,150,52,91,28,641,127,93,51,false
2023-10-27 01:38:02,2023-10-28 03:41:46,UTC-04:00,2023-10-27 01:38:02,2023-10-27 07:46:42,53,15.6,327,364,150,71,106,37,618,104,90,68,false
2023-10-25 23:16:03,2023-10-27 01:38:02,UTC-04:00,2023-10-25 23:16:03,2023-10-26 06:19:01,65,15.9,390,422,259,30,101,32,599,110,94,76,false
2023-10-25 00:28:07,2023-10-25 23:16:03,UTC-04:00,2023-10-25 00:28:07,2023-10-25 08:04:45,71,14.9,424,456,237,79,108,32,596,101,95,82,false
2023-10-24 00:34:24,2023-10-25 00:28:07,UTC-04:00,2023-10-24 00:34:24,2023-10-24 08:30:15,74,14.6,447,475,225,73,149,28,605,113,96,75,false
2023-10-22 23:43:13,2023-10-24 00:34:24,UTC-04:00,2023-10-22 23:43:13,2023-10-23 06:52:26,63,14.2,384,429,236,59,89,45,611,115,90,64,false
2023-10-22 01:35:19,2023-10-22 23:43:13,UTC-04:00,2023-10-22 01:35:19,2023-10-22 08:44:04,61,15.4,357,423,182,102,73,66,588,83,84,56,false
2023-10-21 00:31:21,2023-10-22 01:35:19,UTC-04:00,2023-10-21 00:31:21,2023-10-21 10:04:18,79,15.4,494,572,195,103,196,78,624,127,86,48,false
2023-10-20 02:43:36,2023-10-21 00:31:21,UTC-04:00,2023-10-20 02:43:36,2023-10-20 08:05:10,40,17.5,248,321,192,44,12,73,616,110,77,44,false
2023-10-18 21:28:52,2023-10-20 02:43:36,UTC-04:00,2023-10-18 21:28:52,2023-10-19 05:01:39,64,16.3,390,450,304,24,62,60,611,110,86,62,false
2023-10-18 00:21:49,2023-10-18 21:28:52,UTC-04:00,2023-10-18 00:21:49,2023-10-18 07:04:08,63,16.6,374,402,214,71,89,28,596,94,93,73,false
2023-10-16 22:55:46,2023-10-18 00:21:49,UTC-04:00,2023-10-16 22:55:46,2023-10-17 08:00:21,77,16.2,476,535,332,72,72,59,623,127,88,63,false
2023-10-15 23:33:50,2023-10-16 22:55:46,UTC-04:00,2023-10-15 23:33:50,2023-10-16 07:01:20,67,16.5,423,446,255,69,99,23,629,116,95,57,false
2023-10-15 02:18:21,2023-10-15 23:33:50,UTC-04:00,2023-10-15 02:18:21,2023-10-15 09:25:11,63,17.6,391,426,249,95,47,35,623,120,94,65,false
2023-10-14 01:20:24,2023-10-15 02:18:21,UTC-04:00,2023-10-14 01:20:24,2023-10-14 08:37:19,63,16.3,401,436,249,62,90,35,641,127,92,65,false
2023-10-13 02:07:13,2023-10-14 01:20:24,UTC-04:00,2023-10-13 02:07:13,2023-10-13 06:48:53,42,17.1,240,281,111,96,33,41,573,105,85,62,false
2023-10-11 23:48:03,2023-10-13 02:07:13,UTC-04:00,2023-10-12 12:26:35,2023-10-12 12:56:23,5,18.3,27,29,27,0,0,2,587,105,98,,true
2023-10-11 23:48:03,2023-10-13 02:07:13,UTC-04:00,2023-10-11 23:48:03,2023-10-12 06:48:37,65,17.1,389,419,256,47,86,30,600,99,96,90,false
2023-10-10 23:39:56,2023-10-11 23:48:03,UTC-04:00,2023-10-10 23:39:56,2023-10-11 07:44:55,74,16.6,449,484,283,57,109,35,604,110,93,84,false
2023-10-09 23:32:09,2023-10-10 23:39:56,UTC-04:00,2023-10-09 23:32:09,2023-10-10 06:51:57,71,17.1,421,439,321,47,53,18,592,104,95,78,false
2023-10-09 00:16:26,2023-10-09 23:32:09,UTC-04:00,2023-10-09 00:16:26,2023-10-09 07:43:27,72,16.6,422,444,333,52,37,22,584,80,94,74,false
2023-10-07 23:19:59,2023-10-09 00:16:26,UTC-04:00,2023-10-07 23:19:59,2023-10-08 07:43:14,79,16.1,483,503,294,66,123,20,609,107,95,67,false
2023-10-07 02:14:58,2023-10-07 23:19:59,UTC-04:00,2023-10-07 02:14:58,2023-10-07 09:06:53,64,17.6,382,410,203,86,93,28,596,91,94,61,false
2023-10-06 00:56:19,2023-10-07 02:14:58,UTC-04:00,2023-10-06 00:56:19,2023-10-06 09:06:35,76,17.3,461,490,191,138,132,29,604,111,94,60,false
2023-10-04 23:33:21,2023-10-06 00:56:19,UTC-04:00,2023-10-04 23:33:21,2023-10-05 06:16:38,63,16.7,380,403,278,46,56,23,603,109,94,79,false
2023-10-03 23:31:36,2023-10-04 23:33:21,UTC-04:00,2023-10-03 23:31:36,2023-10-04 06:24:29,63,16.6,375,412,251,79,45,37,594,104,92,72,false
2023-10-03 00:31:56,2023-10-03 23:31:36,UTC-04:00,2023-10-03 00:31:56,2023-10-03 07:11:50,64,16.5,372,392,258,37,77,20,581,91,95,67,false
2023-10-01 23:39:08,2023-10-03 00:31:56,UTC-04:00,2023-10-01 23:39:08,2023-10-02 06:46:56,69,16.2,402,427,272,72,58,25,585,88,94,64,false
2023-10-01 01:16:25,2023-10-01 23:39:08,UTC-04:00,2023-10-01 01:16:25,2023-10-01 08:20:50,74,16.3,393,421,254,53,86,28,530,106,95,64,false
2023-09-30 01:15:54,2023-10-01 01:16:25,UTC-04:00,2023-09-30 15:42:32,2023-09-30 17:27:47,17,19.1,99,105,57,31,11,6,591,106,96,,true
2023-09-30 01:15:54,2023-10-01 01:16:25,UTC-04:00,2023-09-30 01:15:54,2023-09-30 09:15:36,73,17.6,444,479,230,82,132,35,609,100,92,75,false
2023-09-29 01:35:59,2023-09-30 01:15:54,UTC-04:00,2023-09-29 01:35:59,2023-09-29 09:09:15,67,17.1,414,441,236,76,102,27,615,124,95,61,false
2023-09-28 00:02:30,2023-09-29 01:35:59,UTC-04:00,2023-09-28 00:02:30,2023-09-28 06:34:43,59,16.1,359,392,228,62,69,33,608,106,93,87,false
2023-09-27 00:31:18,2023-09-28 00:02:30,UTC-04:00,2023-09-27 00:31:18,2023-09-27 07:13:37,65,17.2,388,402,157,55,176,14,601,107,96,79,false
2023-09-26 00:38:48,2023-09-27 00:31:18,UTC-04:00,2023-09-26 00:38:48,2023-09-26 07:12:56,62,16.6,346,394,213,39,94,48,560,73,92,67,false
2023-09-24 23:18:59,2023-09-26 00:38:48,UTC-04:00,2023-09-24 23:18:59,2023-09-25 06:38:47,74,15.9,421,439,282,60,79,18,569,61,96,67,false
2023-09-23 22:30:00,2023-09-24 23:18:59,UTC-04:00,2023-09-23 22:30:00,2023-09-24 07:44:41,84,15.9,517,554,335,69,113,37,612,107,94,56,false
2023-09-23 01:40:14,2023-09-23 22:30:00,UTC-04:00,2023-09-23 01:40:14,2023-09-23 08:22:33,63,17.1,372,402,193,81,98,30,586,72,92,57,false
2023-09-22 01:34:24,2023-09-23 01:40:14,UTC-04:00,2023-09-22 01:34:24,2023-09-22 09:53:19,79,16.9,434,498,200,93,141,64,546,90,86,40,false
2023-09-20 23:49:56,2023-09-22 01:34:24,UTC-04:00,2023-09-21 10:34:46,2023-09-21 11:39:27,7,16.2,42,64,25,17,0,22,572,90,81,,true
2023-09-20 23:49:56,2023-09-22 01:34:24,UTC-04:00,2023-09-20 23:49:56,2023-09-21 06:36:34,68,16.0,382,404,233,43,106,22,564,59,94,80,false
2023-09-19 23:36:59,2023-09-20 23:49:56,UTC-04:00,2023-09-19 23:36:59,2023-09-20 06:47:10,77,15.5,393,430,257,70,66,37,513,11,91,67,false
2023-09-18 23:26:16,2023-09-19 23:36:59,UTC-04:00,2023-09-18 23:26:16,2023-09-19 08:11:37,96,16.1,502,522,327,60,115,20,520,32,96,,false
2023-09-17 21:16:43,2023-09-18 23:26:16,UTC-04:00,2023-09-17 21:16:43,2023-09-18 05:45:44,88,15.9,453,509,304,47,102,56,517,0,91,,false
