Cycle start time,Cycle end time,Cycle timezone,Workout start time,Workout end time,Duration (min),Activity name,Activity Strain,Energy burned (cal),Max HR (bpm),Average HR (bpm),HR Zone 1 %,HR Zone 2 %,HR Zone 3 %,HR Zone 4 %,HR Zone 5 %,GPS enabled,Distance (meters),Altitude gain (meters),Altitude change (meters)
2025-03-26 00:33:11,2025-03-27 01:29:28,UTC-04:00,2025-03-26 19:31:30,2025-03-26 21:17:59,106,Lacrosse,11.5,669.0,165,123,53,24,2,0,0,false,,,
2025-03-25 00:01:24,2025-03-26 00:33:11,UTC-04:00,2025-03-25 19:28:30,2025-03-25 21:08:59,100,Lacrosse,10.5,612.0,169,123,73,14,1,0,0,false,,,
2025-03-23 00:28:48,2025-03-24 00:49:02,UTC-05:00,2025-03-23 09:09:00,2025-03-23 10:17:59,68,Lacrosse,10.0,478.0,164,126,48,34,2,0,0,false,,,
2025-03-22 01:02:24,2025-03-23 00:28:48,UTC-05:00,2025-03-22 16:48:00,2025-03-22 18:13:29,85,Lacrosse,10.3,508.0,165,121,46,23,4,0,0,false,,,
2025-03-20 00:52:55,2025-03-21 01:26:08,UTC-04:00,2025-03-20 16:30:00,2025-03-20 16:44:59,14,Walking,4.5,53.0,139,110,58,0,0,0,0,false,,,
2025-03-18 00:22:32,2025-03-19 00:21:09,UTC-04:00,2025-03-18 19:31:30,2025-03-18 21:11:59,100,Lacrosse,11.2,644.0,163,124,62,23,1,0,0,false,,,
2025-03-16 23:51:44,2025-03-18 00:22:32,UTC-04:00,2025-03-17 13:45:00,2025-03-17 15:05:00,80,Functional Fitness,7.3,313.0,140,111,56,0,0,0,0,false,,,
2025-03-16 01:32:37,2025-03-16 23:51:44,UTC-04:00,2025-03-16 14:33:00,2025-03-16 15:10:29,37,Walking,5.4,130.0,157,109,38,4,0,0,0,false,,,
2025-03-15 02:11:34,2025-03-16 01:32:37,UTC-04:00,2025-03-15 12:04:30,2025-03-15 12:56:59,52,Lacrosse,10.9,498.0,166,139,31,56,11,0,0,false,,,
2025-03-14 02:40:22,2025-03-15 02:11:34,UTC-04:00,2025-03-14 14:09:00,2025-03-14 14:26:59,17,Walking,4.4,45.0,125,105,31,0,0,0,0,false,,,
2025-03-14 02:40:22,2025-03-15 02:11:34,UTC-04:00,2025-03-14 12:46:41,2025-03-14 14:01:21,74,Functional Fitness,6.3,247.0,135,107,45,0,0,0,0,false,,,
2025-03-12 04:50:57,2025-03-13 01:30:08,UTC-04:00,2025-03-12 19:33:00,2025-03-12 21:59:59,146,Lacrosse,13.3,985.0,167,125,57,25,3,0,0,false,,,
2025-03-12 04:50:57,2025-03-13 01:30:08,UTC-04:00,2025-03-12 13:21:00,2025-03-12 13:44:59,23,Walking,4.8,85.0,140,109,53,0,0,0,0,false,,,
2025-03-12 04:50:57,2025-03-13 01:30:08,UTC-04:00,2025-03-12 12:05:00,2025-03-12 13:15:29,70,Functional Fitness,7.7,340.0,152,115,69,3,0,0,0,false,,,
2025-03-11 02:10:33,2025-03-12 04:50:57,UTC-04:00,2025-03-11 13:46:25,2025-03-11 15:02:42,76,Functional Fitness,9.3,451.0,152,121,63,13,0,0,0,false,,,
2025-03-10 01:10:05,2025-03-11 02:10:33,UTC-04:00,2025-03-10 15:19:30,2025-03-10 15:40:29,20,Walking,4.8,83.0,141,112,67,0,0,0,0,false,,,
2025-03-10 01:10:05,2025-03-11 02:10:33,UTC-04:00,2025-03-10 13:45:00,2025-03-10 15:03:00,78,Functional Fitness,9.5,453.0,154,120,52,20,0,0,0,false,,,
2025-03-01 23:31:43,2025-03-02 23:42:23,UTC-07:00,2025-03-02 11:03:00,2025-03-02 11:59:59,56,Lacrosse,9.8,444.0,166,130,58,33,3,0,0,false,,,
2025-03-01 04:43:08,2025-03-01 23:31:43,UTC-07:00,2025-03-01 16:16:30,2025-03-01 17:20:59,64,Lacrosse,7.1,254.0,165,110,42,3,4,0,0,false,,,
2025-03-01 04:43:08,2025-03-01 23:31:43,UTC-07:00,2025-03-01 13:58:30,2025-03-01 15:04:29,65,Lacrosse,11.3,549.0,165,132,38,45,7,0,0,false,,,
2025-02-26 00:53:31,2025-02-27 00:46:51,UTC-05:00,2025-02-26 19:31:30,2025-02-26 21:10:29,98,Lacrosse,13.2,855.0,168,134,58,31,10,0,0,false,,,
2025-02-26 00:53:31,2025-02-27 00:46:51,UTC-05:00,2025-02-26 13:43:00,2025-02-26 15:03:54,80,Functional Fitness,8.8,442.0,141,118,80,0,0,0,0,false,,,
2025-02-25 00:47:14,2025-02-26 00:53:31,UTC-05:00,2025-02-25 19:31:30,2025-02-25 21:07:29,95,Lacrosse,13.2,841.0,166,134,52,35,11,0,0,false,,,
2025-02-23 01:37:54,2025-02-24 00:12:06,UTC-05:00,2025-02-23 12:07:30,2025-02-23 12:28:29,20,Lacrosse,7.4,210.0,161,141,37,56,7,0,0,false,,,
2025-02-04 01:35:36,2025-02-05 01:35:36,UTC-05:00,2025-02-04 13:39:41,2025-02-04 14:56:17,76,Functional Fitness,10.2,502.0,163,126,63,19,2,0,0,false,,,
2025-02-02 23:07:53,2025-02-04 01:35:36,UTC-05:00,2025-02-03 14:57:00,2025-02-03 15:25:18,28,Activity,5.1,109.0,139,112,64,0,0,0,0,false,,,
2025-02-02 23:07:53,2025-02-04 01:35:36,UTC-05:00,2025-02-03 13:11:53,2025-02-03 14:33:38,81,Functional Fitness,11.4,572.0,160,128,43,33,3,0,0,false,,,
2025-02-01 03:02:40,2025-02-02 01:29:06,UTC-05:00,2025-02-01 16:29:17,2025-02-01 17:38:55,69,Functional Fitness,7.2,257.0,159,112,39,8,0,0,0,false,,,
2025-01-29 01:30:59,2025-01-30 00:55:02,UTC-05:00,2025-01-29 19:30:00,2025-01-29 21:05:59,95,Lacrosse,11.8,666.0,172,127,51,26,6,0,0,false,,,
2025-01-29 01:30:59,2025-01-30 00:55:02,UTC-05:00,2025-01-29 13:44:55,2025-01-29 14:17:51,32,Functional Fitness,5.0,106.0,145,108,40,0,0,0,0,false,,,
2025-01-28 00:23:53,2025-01-29 01:30:59,UTC-05:00,2025-01-28 19:24:00,2025-01-28 21:07:29,103,Lacrosse,11.5,711.0,169,127,75,19,1,0,0,false,,,
2025-01-28 00:23:53,2025-01-29 01:30:59,UTC-05:00,2025-01-28 14:45:00,2025-01-28 15:01:29,16,Walking,4.7,71.0,146,115,73,0,0,0,0,false,,,
2025-01-28 00:23:53,2025-01-29 01:30:59,UTC-05:00,2025-01-28 13:44:03,2025-01-28 14:32:38,48,Functional Fitness,6.0,175.0,156,110,36,8,0,0,0,false,,,
2025-01-26 23:52:32,2025-01-28 00:23:53,UTC-05:00,2025-01-27 14:42:00,2025-01-27 14:56:59,14,Walking,4.5,56.0,130,112,64,0,0,0,0,false,,,
2025-01-26 23:52:32,2025-01-28 00:23:53,UTC-05:00,2025-01-27 13:35:53,2025-01-27 14:30:23,54,Functional Fitness,5.7,169.0,148,107,36,2,0,0,0,false,,,
2025-01-23 00:40:08,2025-01-24 01:12:55,UTC-05:00,2025-01-23 19:22:30,2025-01-23 21:08:25,105,Lacrosse,14.8,1065.0,178,142,25,45,22,1,0,false,,,
2025-01-22 00:08:14,2025-01-23 00:40:08,UTC-05:00,2025-01-22 19:31:30,2025-01-22 20:35:59,64,Lacrosse,9.5,425.0,167,125,24,24,5,0,0,false,,,
2025-01-22 00:08:14,2025-01-23 00:40:08,UTC-05:00,2025-01-22 12:19:36,2025-01-22 13:16:53,57,Functional Fitness,6.5,212.0,157,110,8,9,0,0,0,false,,,
2025-01-20 23:45:00,2025-01-22 00:08:14,UTC-05:00,2025-01-21 19:28:30,2025-01-21 21:15:16,106,Lacrosse,13.6,930.0,172,136,31,42,9,0,0,false,,,
2025-01-20 23:45:00,2025-01-22 00:08:14,UTC-05:00,2025-01-21 12:50:18,2025-01-21 13:48:51,58,Functional Fitness,6.9,228.0,163,112,9,6,2,0,0,false,,,
2025-01-14 01:38:33,2025-01-15 00:24:43,UTC-05:00,2025-01-14 19:25:30,2025-01-14 21:08:59,103,Lacrosse,13.8,952.0,176,138,34,44,10,0,0,false,,,
2025-01-13 00:54:36,2025-01-14 01:38:33,UTC-05:00,2025-01-13 13:41:37,2025-01-13 15:31:43,110,Functional Fitness,8.2,394.0,163,109,10,5,0,0,0,false,,,
2025-01-11 00:12:01,2025-01-12 00:35:10,UTC-05:00,2025-01-11 17:55:30,2025-01-11 19:37:06,101,Activity,12.2,769.0,167,130,38,27,1,0,0,false,,,
2025-01-09 00:31:59,2025-01-10 00:30:35,UTC-05:00,2025-01-09 19:20:00,2025-01-09 21:00:00,100,Lacrosse,13.2,862.0,173,135,41,37,4,0,0,false,,,
2025-01-09 00:31:59,2025-01-10 00:30:35,UTC-05:00,2025-01-09 16:21:00,2025-01-09 16:37:29,16,Walking,4.5,54.0,130,109,0,0,0,0,0,false,,,
2025-01-08 01:11:19,2025-01-09 00:31:59,UTC-05:00,2025-01-08 14:28:30,2025-01-08 14:44:59,16,Walking,4.8,78.0,139,117,7,0,0,0,0,false,,,
2025-01-08 01:11:19,2025-01-09 00:31:59,UTC-05:00,2025-01-08 13:47:55,2025-01-08 14:17:15,29,Functional Fitness,4.2,48.0,128,97,0,0,0,0,0,false,,,
2025-01-07 01:20:44,2025-01-08 01:11:19,UTC-05:00,2025-01-07 12:58:18,2025-01-07 14:11:37,73,Functional Fitness,7.7,306.0,168,113,11,5,2,0,0,false,,,
2025-01-06 00:38:14,2025-01-07 01:20:44,UTC-05:00,2025-01-06 13:42:31,2025-01-06 14:45:45,63,Functional Fitness,8.0,287.0,168,114,9,10,5,0,0,false,,,
2024-12-24 00:10:19,2024-12-25 00:15:31,UTC-06:00,2024-12-24 14:22:30,2024-12-24 14:41:59,19,Basketball,7.2,194.0,162,144,20,68,9,0,0,false,,,
2024-12-24 00:10:19,2024-12-25 00:15:31,UTC-06:00,2024-12-24 10:15:27,2024-12-24 11:58:35,103,Golf,5.4,205.0,148,102,3,0,0,0,0,true,4178.45,84.65,-3.63
2024-12-20 23:30:06,2024-12-22 00:24:27,UTC-07:00,2024-12-21 12:27:00,2024-12-21 13:26:59,59,Skiing,7.9,304.0,169,118,23,13,5,0,0,false,,,
2024-12-19 23:27:53,2024-12-20 23:30:06,UTC-07:00,2024-12-20 11:13:04,2024-12-20 12:35:22,82,Functional Fitness,6.2,236.0,142,109,6,0,0,0,0,false,,,
2024-12-18 23:49:56,2024-12-19 23:27:53,UTC-07:00,2024-12-19 13:10:30,2024-12-19 14:20:29,69,Functional Fitness,5.3,164.0,155,103,6,0,0,0,0,false,,,
2024-12-17 00:01:43,2024-12-17 22:32:22,UTC-07:00,2024-12-17 13:45:02,2024-12-17 14:47:32,62,Functional Fitness,5.1,141.0,131,104,1,0,0,0,0,false,,,
2024-12-17 00:01:43,2024-12-17 22:32:22,UTC-07:00,2024-12-17 11:27:00,2024-12-17 11:56:59,29,Skiing,8.5,281.0,174,140,38,32,19,0,0,false,,,
2024-12-17 00:01:43,2024-12-17 22:32:22,UTC-07:00,2024-12-17 08:28:30,2024-12-17 09:17:59,49,Skiing,6.8,238.0,162,115,21,18,0,0,0,false,,,
2024-12-15 22:50:28,2024-12-17 00:01:43,UTC-07:00,2024-12-16 14:14:33,2024-12-16 15:00:09,45,Functional Fitness,5.3,135.0,141,108,11,0,0,0,0,false,,,
2024-12-13 23:12:35,2024-12-15 00:39:41,UTC-07:00,2024-12-14 11:30:47,2024-12-14 12:33:04,62,Functional Fitness,6.6,239.0,154,112,22,3,0,0,0,false,,,
2024-12-13 00:26:15,2024-12-13 23:12:35,UTC-07:00,2024-12-13 10:57:00,2024-12-13 12:04:29,67,Skiing,11.7,540.0,173,133,18,26,20,0,0,false,,,
2024-12-12 00:09:00,2024-12-13 00:26:15,UTC-07:00,2024-12-12 16:15:00,2024-12-12 16:31:29,16,Activity,5.4,109.0,157,126,36,18,1,0,0,false,,,
2024-12-12 00:09:00,2024-12-13 00:26:15,UTC-07:00,2024-12-12 11:12:00,2024-12-12 12:34:29,82,Walking,10.2,534.0,163,125,31,17,2,0,0,false,,,
2024-12-10 01:34:43,2024-12-11 01:34:43,UTC-05:00,2024-12-10 11:21:00,2024-12-10 11:44:59,23,Walking,5.2,113.0,151,117,23,2,0,0,0,false,,,
2024-12-06 01:20:10,2024-12-07 01:20:10,UTC-05:00,2024-12-06 15:25:30,2024-12-06 15:52:29,26,Golf,6.8,191.0,167,128,27,24,11,0,0,false,,,
2024-12-03 03:05:04,2024-12-04 03:32:34,UTC-05:00,2024-12-03 14:03:00,2024-12-03 14:20:59,17,Walking,4.4,47.0,127,107,0,0,0,0,0,false,,,
2024-11-19 00:32:58,2024-11-20 01:58:43,UTC-05:00,2024-11-19 13:31:30,2024-11-19 14:34:29,62,Lacrosse,8.1,345.0,165,119,27,9,1,0,0,false,,,
2024-11-16 00:05:49,2024-11-17 02:55:01,UTC-05:00,2024-11-16 12:21:00,2024-11-16 15:44:59,203,Lacrosse,16.9,1813.0,171,135,4,30,58,8,0,false,,,
2024-11-14 00:00:00,2024-11-15 01:48:09,UTC-05:00,2024-11-14 20:49:30,2024-11-14 22:43:29,113,Lacrosse,12.9,858.0,173,128,17,32,49,2,0,false,,,
2024-11-06 22:59:55,2024-11-08 05:33:14,UTC-05:00,2024-11-07 16:07:30,2024-11-07 16:22:29,14,Walking,4.9,85.0,137,119,15,85,0,0,0,false,,,
2024-11-06 22:59:55,2024-11-08 05:33:14,UTC-05:00,2024-11-07 09:39:06,2024-11-07 10:10:13,31,Functional Fitness,5.4,130.0,138,112,52,48,0,0,0,false,,,
2024-11-06 03:10:43,2024-11-06 22:59:55,UTC-05:00,2024-11-06 09:18:30,2024-11-06 10:00:54,42,Functional Fitness,5.7,166.0,143,110,49,45,0,0,0,false,,,
2024-11-04 23:38:40,2024-11-06 03:10:43,UTC-05:00,2024-11-05 21:16:30,2024-11-05 23:07:29,110,Lacrosse,13.6,918.0,173,132,14,23,55,7,0,false,,,
2024-11-03 23:48:15,2024-11-04 23:38:40,UTC-05:00,2024-11-04 09:26:22,2024-11-04 10:38:13,71,Functional Fitness,5.5,169.0,137,101,73,12,0,0,0,false,,,
2024-11-02 23:42:21,2024-11-03 23:48:15,UTC-05:00,2024-11-03 13:52:30,2024-11-03 16:38:59,166,Lacrosse,14.4,1232.0,175,128,15,39,43,3,0,false,,,
2024-11-01 01:35:06,2024-11-02 00:13:57,UTC-04:00,2024-11-01 14:01:30,2024-11-01 14:46:29,44,Golf,6.0,183.0,153,111,46,42,8,0,0,false,,,
2024-10-30 01:45:35,2024-10-30 23:23:31,UTC-04:00,2024-10-30 09:15:37,2024-10-30 10:06:32,50,Functional Fitness,4.9,112.0,135,97,55,12,0,0,0,false,,,
2024-10-25 00:05:27,2024-10-26 00:42:26,UTC-04:00,2024-10-25 12:06:00,2024-10-25 12:53:59,47,Golf,7.6,312.0,152,124,9,73,18,0,0,false,,,
2024-10-25 00:05:27,2024-10-26 00:42:26,UTC-04:00,2024-10-25 06:39:03,2024-10-25 07:26:44,47,Functional Fitness,5.7,161.0,144,108,68,30,1,0,0,false,,,
2024-10-25 00:05:27,2024-10-26 00:42:26,UTC-04:00,2024-10-25 06:15:00,2024-10-25 06:25:00,10,Running,7.0,120.0,177,150,11,5,17,67,0,false,,,
2024-10-24 00:20:26,2024-10-25 00:05:27,UTC-04:00,2024-10-24 16:25:30,2024-10-24 16:47:59,22,Walking,5.1,101.0,142,114,43,48,8,0,0,false,,,
2024-10-24 00:20:26,2024-10-25 00:05:27,UTC-04:00,2024-10-24 09:36:33,2024-10-24 10:20:01,43,Functional Fitness,6.0,178.0,160,110,45,29,11,0,0,false,,,
2024-10-23 02:25:20,2024-10-24 00:20:26,UTC-04:00,2024-10-23 11:09:00,2024-10-23 11:28:29,19,Walking,5.0,95.0,146,116,31,67,2,0,0,false,,,
2024-10-23 02:25:20,2024-10-24 00:20:26,UTC-04:00,2024-10-23 10:08:31,2024-10-23 11:00:36,52,Functional Fitness,6.7,228.0,153,113,47,31,15,0,0,false,,,
2024-10-22 00:54:23,2024-10-23 02:25:20,UTC-04:00,2024-10-22 21:28:30,2024-10-22 23:13:29,104,Lacrosse,13.5,847.0,184,131,14,29,45,12,0,false,,,
2024-10-20 23:45:57,2024-10-22 00:54:23,UTC-04:00,2024-10-21 09:35:27,2024-10-21 10:37:58,62,Functional Fitness,6.8,213.0,168,104,43,10,9,5,0,false,,,
2024-10-20 00:42:06,2024-10-20 23:45:57,UTC-04:00,2024-10-20 14:36:00,2024-10-20 16:10:29,94,Lacrosse,10.0,536.0,178,120,28,48,22,2,0,false,,,
2024-10-17 01:28:03,2024-10-18 01:42:26,UTC-04:00,2024-10-17 20:54:00,2024-10-17 22:40:29,106,Lacrosse,15.1,1095.0,186,142,1,14,63,22,0,false,,,
2024-10-17 01:28:03,2024-10-18 01:42:26,UTC-04:00,2024-10-17 10:42:00,2024-10-17 10:59:59,17,Walking,4.8,77.0,143,113,58,36,6,0,0,false,,,
2024-10-17 01:28:03,2024-10-18 01:42:26,UTC-04:00,2024-10-17 09:24:59,2024-10-17 10:39:00,74,Functional Fitness,4.7,131.0,128,96,59,6,0,0,0,false,,,
2024-10-16 01:13:42,2024-10-17 01:28:03,UTC-04:00,2024-10-16 09:19:51,2024-10-16 10:19:47,59,Functional Fitness,4.7,104.0,130,98,67,3,0,0,0,false,,,
2024-10-13 23:38:19,2024-10-15 01:35:09,UTC-04:00,2024-10-14 14:15:00,2024-10-14 14:32:59,17,Walking,4.5,51.0,127,106,68,26,0,0,0,false,,,
2024-10-12 00:40:13,2024-10-13 01:36:06,UTC-05:00,2024-10-12 18:01:30,2024-10-12 18:23:59,22,Walking,5.0,94.0,137,113,59,41,0,0,0,false,,,
2024-10-10 01:00:52,2024-10-10 23:53:42,UTC-04:00,2024-10-10 14:21:00,2024-10-10 14:38:59,17,Walking,5.1,93.0,158,119,35,49,16,0,0,false,,,
2024-10-08 01:52:11,2024-10-09 01:51:45,UTC-04:00,2024-10-08 21:31:30,2024-10-08 23:11:59,100,Lacrosse,13.1,854.0,172,135,2,34,58,6,0,false,,,
2024-10-04 02:08:11,2024-10-05 01:29:49,UTC-04:00,2024-10-04 11:50:47,2024-10-04 12:43:57,53,Functional Fitness,5.0,120.0,137,102,65,15,0,0,0,false,,,
2024-10-02 22:44:14,2024-10-04 02:08:11,UTC-04:00,2024-10-03 22:31:30,2024-10-04 00:02:59,91,Lacrosse,14.7,952.0,179,144,3,14,54,29,0,false,,,
2024-10-02 22:44:14,2024-10-04 02:08:11,UTC-04:00,2024-10-03 09:28:04,2024-10-03 10:25:36,57,Functional Fitness,5.1,130.0,149,102,62,16,1,0,0,false,,,
2024-10-02 00:16:52,2024-10-02 22:44:14,UTC-04:00,2024-10-02 09:34:42,2024-10-02 10:31:35,56,Functional Fitness,5.2,145.0,140,103,58,23,0,0,0,false,,,
2024-10-01 00:03:46,2024-10-02 00:16:52,UTC-04:00,2024-10-01 13:03:22,2024-10-01 13:52:48,49,Functional Fitness,5.3,139.0,132,105,59,29,0,0,0,false,,,
2024-09-29 23:01:09,2024-10-01 00:03:46,UTC-04:00,2024-09-30 13:22:05,2024-09-30 14:31:52,69,Functional Fitness,4.7,126.0,137,96,55,8,0,0,0,false,,,
2024-09-26 00:55:14,2024-09-27 03:16:46,UTC-04:00,2024-09-26 09:25:43,2024-09-26 10:30:51,65,Functional Fitness,4.9,127.0,136,100,67,11,0,0,0,false,,,
2024-09-25 03:03:02,2024-09-26 00:55:14,UTC-04:00,2024-09-25 09:45:00,2024-09-25 11:30:00,105,Functional Fitness,7.2,294.0,164,103,54,11,5,1,0,false,,,
2024-09-24 00:55:01,2024-09-25 03:03:02,UTC-04:00,2024-09-24 22:30:00,2024-09-25 00:00:00,90,Lacrosse,14.7,965.0,180,145,1,11,55,33,0,false,,,
2024-09-24 00:55:01,2024-09-25 03:03:02,UTC-04:00,2024-09-24 09:45:24,2024-09-24 10:37:16,51,Functional Fitness,5.5,154.0,137,106,53,32,0,0,0,false,,,
2024-09-23 00:09:41,2024-09-24 00:55:01,UTC-04:00,2024-09-23 09:20:56,2024-09-23 10:22:44,61,Functional Fitness,4.5,109.0,133,97,52,10,0,0,0,false,,,
2024-09-22 01:22:43,2024-09-23 00:09:41,UTC-04:00,2024-09-22 14:00:00,2024-09-22 16:07:29,127,Lacrosse,15.7,1225.0,181,141,6,17,48,29,0,false,,,
2024-09-20 02:01:52,2024-09-21 01:39:50,UTC-04:00,2024-09-20 19:16:30,2024-09-20 19:31:29,14,Walking,4.3,34.0,146,103,67,14,3,0,0,false,,,
2024-09-19 00:04:15,2024-09-20 02:01:52,UTC-04:00,2024-09-19 22:30:00,2024-09-20 00:00:00,90,Lacrosse,14.8,979.0,181,147,0,7,62,31,0,false,,,
2024-09-19 00:04:15,2024-09-20 02:01:52,UTC-04:00,2024-09-19 16:24:00,2024-09-19 16:41:59,17,Walking,4.9,81.0,143,117,41,53,6,0,0,false,,,
2024-09-19 00:04:15,2024-09-20 02:01:52,UTC-04:00,2024-09-19 11:03:00,2024-09-19 11:19:29,16,Walking,4.6,59.0,139,112,56,44,0,0,0,false,,,
2024-09-19 00:04:15,2024-09-20 02:01:52,UTC-04:00,2024-09-19 09:29:42,2024-09-19 10:32:06,62,Functional Fitness,5.2,141.0,146,102,61,16,2,0,0,false,,,
2024-09-18 00:50:20,2024-09-19 00:04:15,UTC-04:00,2024-09-18 09:15:00,2024-09-18 10:34:00,79,Functional Fitness,6.2,221.0,164,103,49,12,7,1,0,false,,,
2024-09-17 00:09:20,2024-09-18 00:50:20,UTC-04:00,2024-09-17 09:35:00,2024-09-17 10:40:00,65,Functional Fitness,4.7,121.0,131,98,56,10,0,0,0,false,,,
2024-09-15 23:38:26,2024-09-17 00:09:20,UTC-04:00,2024-09-16 16:31:30,2024-09-16 16:46:29,14,Walking,4.3,34.0,129,105,73,19,0,0,0,false,,,
2024-09-15 23:38:26,2024-09-17 00:09:20,UTC-04:00,2024-09-16 09:30:00,2024-09-16 10:47:00,77,Functional Fitness,5.4,181.0,158,100,49,8,6,0,0,false,,,
2024-09-15 01:53:56,2024-09-15 23:38:26,UTC-04:00,2024-09-15 16:34:30,2024-09-15 18:13:29,98,Lacrosse,13.9,914.0,179,139,5,23,51,21,0,false,,,
2024-09-14 01:06:47,2024-09-15 01:53:56,UTC-04:00,2024-09-14 16:34:30,2024-09-14 17:35:59,61,Lacrosse,12.2,574.0,183,139,5,25,52,17,1,false,,,
2024-09-14 01:06:47,2024-09-15 01:53:56,UTC-04:00,2024-09-14 10:48:00,2024-09-14 11:02:59,14,Golf,4.1,25.0,125,98,58,9,0,0,0,false,,,
2024-09-13 01:46:05,2024-09-14 01:06:47,UTC-04:00,2024-09-13 12:05:00,2024-09-13 13:04:00,59,Functional Fitness,4.5,105.0,134,95,44,9,0,0,0,false,,,
2024-09-12 00:47:18,2024-09-13 01:46:05,UTC-04:00,2024-09-12 19:04:30,2024-09-12 19:25:29,20,Walking,4.8,82.0,138,112,55,43,0,0,0,false,,,
2024-09-12 00:47:18,2024-09-13 01:46:05,UTC-04:00,2024-09-12 10:05:00,2024-09-12 11:00:00,55,Weightlifting,4.9,114.0,131,99,66,8,0,0,0,false,,,
2024-09-12 00:47:18,2024-09-13 01:46:05,UTC-04:00,2024-09-12 09:40:30,2024-09-12 10:00:29,19,Walking,5.3,104.0,155,118,43,40,17,0,0,false,,,
2024-09-11 01:12:35,2024-09-12 00:47:18,UTC-04:00,2024-09-11 21:00:00,2024-09-11 22:47:00,107,Lacrosse,15.2,1096.0,179,143,3,19,49,29,0,false,,,
2024-09-11 01:12:35,2024-09-12 00:47:18,UTC-04:00,2024-09-11 09:22:24,2024-09-11 10:56:34,94,Functional Fitness,9.0,404.0,163,112,44,23,16,2,0,false,,,
2024-09-10 00:40:46,2024-09-11 01:12:35,UTC-04:00,2024-09-10 13:22:00,2024-09-10 14:08:19,46,Weightlifting,5.6,157.0,138,109,63,34,0,0,0,false,,,
2024-09-10 00:40:46,2024-09-11 01:12:35,UTC-04:00,2024-09-10 11:16:30,2024-09-10 11:34:29,17,Walking,4.9,87.0,146,116,38,59,3,0,0,false,,,
2024-09-09 04:01:38,2024-09-10 00:40:46,UTC-04:00,2024-09-09 16:33:00,2024-09-09 17:01:29,28,Walking,5.2,120.0,141,110,23,56,1,0,0,false,,,
2024-09-09 04:01:38,2024-09-10 00:40:46,UTC-04:00,2024-09-09 10:30:00,2024-09-09 11:20:00,50,Lacrosse,10.2,449.0,167,136,2,30,62,6,0,false,,,
2024-09-09 04:01:38,2024-09-10 00:40:46,UTC-04:00,2024-09-09 09:25:30,2024-09-09 10:09:29,43,Weightlifting,5.0,107.0,139,103,65,19,0,0,0,false,,,
2024-09-08 01:36:25,2024-09-09 04:01:38,UTC-04:00,2024-09-08 13:09:00,2024-09-08 13:32:59,23,Walking,5.1,106.0,145,114,51,47,2,0,0,false,,,
2024-09-08 01:36:25,2024-09-09 04:01:38,UTC-04:00,2024-09-08 11:15:00,2024-09-08 12:43:00,88,Weightlifting,7.0,300.0,142,108,55,34,1,0,0,false,,,
2024-09-07 02:50:49,2024-09-08 01:36:25,UTC-04:00,2024-09-07 20:28:30,2024-09-07 20:43:29,14,Walking,4.8,71.0,139,115,42,55,3,0,0,false,,,
2024-09-07 02:50:49,2024-09-08 01:36:25,UTC-04:00,2024-09-07 18:58:30,2024-09-07 19:14:59,16,Hiking,4.8,72.0,142,113,46,50,4,0,0,false,,,
2024-09-07 02:50:49,2024-09-08 01:36:25,UTC-04:00,2024-09-07 15:00:00,2024-09-07 16:25:00,85,Running,10.8,546.0,173,123,23,35,30,6,0,false,,,
2024-09-05 00:41:21,2024-09-06 03:03:14,UTC-04:00,2024-09-05 21:06:00,2024-09-05 21:20:59,14,Walking,4.6,61.0,136,112,55,45,0,0,0,false,,,
2024-09-05 00:41:21,2024-09-06 03:03:14,UTC-04:00,2024-09-05 10:33:00,2024-09-05 11:33:00,60,Weightlifting,6.6,251.0,149,111,40,46,4,0,0,false,,,
2024-09-04 01:48:54,2024-09-05 00:41:21,UTC-04:00,2024-09-04 16:39:00,2024-09-04 16:59:59,20,Walking,5.1,104.0,144,116,39,58,3,0,0,false,,,
2024-09-04 01:48:54,2024-09-05 00:41:21,UTC-04:00,2024-09-04 14:03:00,2024-09-04 14:22:29,19,Walking,4.9,83.0,140,113,45,55,0,0,0,false,,,
2024-09-04 01:48:54,2024-09-05 00:41:21,UTC-04:00,2024-09-04 10:40:00,2024-09-04 11:40:00,60,Weightlifting,7.5,305.0,151,117,36,49,13,0,0,false,,,
2024-09-03 00:48:32,2024-09-04 01:48:54,UTC-04:00,2024-09-03 12:34:30,2024-09-03 12:59:59,25,Activity,5.0,90.0,147,109,59,38,1,0,0,false,,,
2024-07-29 23:45:18,2024-07-30 23:10:19,UTC-04:00,2024-07-30 15:45:00,2024-07-30 17:42:00,117,Manual Labor,8.4,445.0,156,110,49,39,3,0,0,false,,,
2024-07-28 23:08:41,2024-07-29 23:45:18,UTC-04:00,2024-07-29 16:05:17,2024-07-29 16:45:16,39,Running,11.4,433.0,173,145,1,13,50,36,0,true,5498.28,195.73,1.94
2024-07-25 23:24:41,2024-07-26 23:29:09,UTC-04:00,2024-07-26 15:17:13,2024-07-26 15:44:36,27,Running,9.5,297.0,167,145,1,12,52,35,0,true,3883.47,145.74,-0.63
2024-07-24 23:40:28,2024-07-25 23:24:41,UTC-04:00,2024-07-25 15:54:22,2024-07-25 16:37:30,43,Running,11.4,455.0,168,143,1,20,47,32,0,true,5436.58,217.21,1.97
2024-07-23 22:59:05,2024-07-24 23:40:28,UTC-04:00,2024-07-24 15:40:43,2024-07-24 16:06:40,25,Running,10.3,311.0,171,150,0,10,35,55,0,true,3931.41,112.66,-6.19
2024-07-22 23:12:25,2024-07-23 22:59:05,UTC-04:00,2024-07-23 15:58:57,2024-07-23 16:33:03,34,Running,13.2,466.0,179,159,0,4,22,64,10,false,5118.21,160.18,-31.68
2024-07-19 22:29:12,2024-07-20 23:29:32,UTC-04:00,2024-07-20 06:27:00,2024-07-20 06:52:29,25,Activity,9.1,263.0,183,143,5,23,32,36,4,false,,,
2024-07-19 00:56:42,2024-07-19 22:29:12,UTC-04:00,2024-07-19 15:03:00,2024-07-19 15:20:59,17,Manual Labor,4.5,55.0,143,107,63,29,0,0,0,false,,,
2024-07-11 22:48:00,2024-07-12 22:32:14,UTC-04:00,2024-07-12 06:04:30,2024-07-12 07:20:59,76,Manual Labor,8.3,385.0,156,119,30,43,24,0,0,false,,,
2024-07-11 00:02:16,2024-07-11 22:48:00,UTC-04:00,2024-07-11 06:49:30,2024-07-11 07:35:59,46,Manual Labor,9.4,404.0,172,137,1,28,66,5,0,false,,,
2024-07-09 23:09:00,2024-07-11 00:02:16,UTC-04:00,2024-07-10 14:45:00,2024-07-10 15:47:59,62,Manual Labor,8.1,377.0,148,124,9,83,8,0,0,false,,,
2024-07-07 00:46:53,2024-07-08 01:43:13,UTC-06:00,2024-07-07 11:48:00,2024-07-07 12:02:59,14,Activity,4.6,56.0,149,112,59,34,7,0,0,false,,,
2024-07-04 00:16:36,2024-07-05 01:11:47,UTC-06:00,2024-07-04 16:09:00,2024-07-04 16:59:59,50,Activity,11.2,476.0,176,139,3,32,36,29,0,false,,,
2024-07-04 00:16:36,2024-07-05 01:11:47,UTC-06:00,2024-07-04 11:37:30,2024-07-04 13:14:59,97,Running,14.8,978.0,171,142,3,24,44,29,0,false,,,
2024-07-01 22:17:26,2024-07-03 00:09:50,UTC-06:00,2024-07-02 07:25:30,2024-07-02 08:01:29,35,HIIT,8.7,300.0,170,134,11,28,41,20,0,false,,,
2024-07-01 00:07:23,2024-07-01 22:17:26,UTC-06:00,2024-07-01 10:36:00,2024-07-01 11:31:29,55,Activity,11.3,428.0,176,131,34,25,14,27,0,false,,,
2024-06-30 00:09:14,2024-07-01 00:07:23,UTC-06:00,2024-06-30 13:39:00,2024-06-30 14:19:29,40,Activity,9.6,387.0,170,140,0,19,77,4,0,false,,,
2024-06-30 00:09:14,2024-07-01 00:07:23,UTC-06:00,2024-06-30 10:42:00,2024-06-30 11:38:59,56,Running,14.0,653.0,177,149,3,19,26,51,1,false,,,
2024-06-20 22:23:59,2024-06-21 22:44:42,UTC-04:00,2024-06-21 15:16:30,2024-06-21 17:26:59,130,Manual Labor,10.1,616.0,153,117,35,60,5,0,0,false,,,
2024-06-18 22:59:14,2024-06-19 22:08:34,UTC-04:00,2024-06-19 14:35:00,2024-06-19 15:11:00,36,Walking,5.1,107.0,127,108,79,18,0,0,0,false,,,
2024-06-16 22:54:42,2024-06-17 22:57:40,UTC-04:00,2024-06-17 15:00:00,2024-06-17 16:35:59,95,Running,15.5,1062.0,175,147,0,18,43,39,0,false,,,
2024-06-12 22:41:32,2024-06-13 21:49:41,UTC-04:00,2024-06-13 14:40:30,2024-06-13 15:28:29,47,Running,12.3,534.0,172,147,0,13,56,31,0,false,,,
2024-06-11 21:42:21,2024-06-12 22:41:32,UTC-04:00,2024-06-12 15:28:30,2024-06-12 16:19:29,50,Running,10.7,474.0,162,137,1,27,64,7,0,false,,,
2024-06-06 21:15:39,2024-06-07 22:10:00,UTC-04:00,2024-06-07 17:34:30,2024-06-07 18:19:29,44,Running,11.0,459.0,168,143,0,17,65,18,0,false,,,
2024-06-05 23:38:18,2024-06-06 21:15:39,UTC-04:00,2024-06-06 13:58:30,2024-06-06 15:22:29,83,Running,13.0,800.0,164,140,0,17,82,1,0,false,,,
2024-06-03 23:05:51,2024-06-04 22:27:05,UTC-04:00,2024-06-04 15:25:30,2024-06-04 16:07:29,41,Running,12.1,459.0,177,147,1,22,30,46,1,false,,,
2024-06-01 22:31:49,2024-06-02 22:43:10,UTC-04:00,2024-06-02 10:58:30,2024-06-02 11:43:29,44,Hiking,11.1,443.0,171,141,8,18,43,31,0,false,,,
2024-05-31 22:03:25,2024-06-01 22:31:49,UTC-04:00,2024-06-01 12:18:00,2024-06-01 13:10:29,52,Activity,12.5,566.0,177,145,0,13,57,29,0,false,,,
2024-05-29 22:07:52,2024-05-30 22:12:55,UTC-04:00,2024-05-30 14:28:30,2024-05-30 15:13:29,44,Lacrosse,7.5,296.0,157,126,5,67,27,0,0,false,,,
2024-05-28 22:51:04,2024-05-29 22:07:52,UTC-04:00,2024-05-29 15:00:00,2024-05-29 15:33:56,33,Hiking,9.9,358.0,170,145,0,7,71,22,0,false,,,
2024-05-19 23:04:19,2024-05-20 22:45:58,UTC-04:00,2024-05-20 15:07:30,2024-05-20 15:38:12,30,Hiking,13.0,418.0,184,158,3,7,12,61,17,false,,,
2024-05-11 04:09:19,2024-05-12 01:41:48,UTC-04:00,2024-05-11 14:33:00,2024-05-11 15:29:59,56,Lacrosse,8.3,344.0,162,121,24,51,18,1,0,false,,,
2024-05-05 23:14:13,2024-05-06 23:58:04,UTC-05:00,2024-05-06 08:48:00,2024-05-06 09:46:29,58,Lacrosse,11.7,555.0,169,138,1,37,48,14,0,false,,,
2024-05-05 01:57:36,2024-05-05 23:14:13,UTC-05:00,2024-05-05 12:43:30,2024-05-05 13:53:59,70,Lacrosse,10.6,530.0,158,128,17,38,45,0,0,false,,,
2024-05-03 03:32:33,2024-05-05 02:57:36,UTC-04:00,2024-05-03 17:34:30,2024-05-03 18:53:34,79,Basketball,14.2,822.0,173,142,9,11,54,26,0,false,,,
2024-05-02 03:19:53,2024-05-03 03:32:33,UTC-04:00,2024-05-02 19:28:30,2024-05-02 21:08:59,100,Lacrosse,12.7,790.0,161,130,15,30,55,0,0,false,,,
2024-04-28 02:34:30,2024-04-29 01:55:39,UTC-04:00,2024-04-28 14:57:00,2024-04-28 16:02:59,65,Lacrosse,11.8,588.0,162,135,3,40,48,9,0,false,,,
2024-04-27 02:29:58,2024-04-28 02:34:30,UTC-04:00,2024-04-27 17:42:00,2024-04-27 18:47:59,65,Lacrosse,11.4,587.0,162,135,2,34,62,2,0,false,,,
2024-04-27 02:29:58,2024-04-28 02:34:30,UTC-04:00,2024-04-27 16:09:00,2024-04-27 16:56:59,47,Lacrosse,11.9,504.0,168,143,6,15,58,21,0,false,,,
2024-04-26 02:56:21,2024-04-27 02:29:58,UTC-04:00,2024-04-26 15:07:30,2024-04-26 15:26:59,19,Golf,5.2,105.0,145,118,45,48,7,0,0,false,,,
2024-04-25 02:44:18,2024-04-26 02:56:21,UTC-04:00,2024-04-25 19:21:00,2024-04-25 20:29:59,68,Lacrosse,11.3,569.0,165,132,8,48,38,6,0,false,,,
2024-04-23 02:29:17,2024-04-24 00:48:24,UTC-04:00,2024-04-23 19:28:30,2024-04-23 21:10:29,101,Lacrosse,14.0,938.0,174,136,4,28,52,13,0,false,,,
2024-04-20 03:14:41,2024-04-21 03:19:32,UTC-04:00,2024-04-20 16:12:00,2024-04-20 19:05:59,173,Lacrosse,14.6,1263.0,162,127,17,38,41,1,0,false,,,
2024-04-19 03:03:32,2024-04-20 03:14:41,UTC-04:00,2024-04-19 23:06:00,2024-04-19 23:26:59,20,Activity,5.0,86.0,144,111,46,31,8,0,0,false,,,
2024-04-19 03:03:32,2024-04-20 03:14:41,UTC-04:00,2024-04-19 19:52:30,2024-04-19 21:05:59,73,Lacrosse,10.1,513.0,161,125,11,55,31,0,0,false,,,
2024-04-19 03:03:32,2024-04-20 03:14:41,UTC-04:00,2024-04-19 18:07:30,2024-04-19 19:25:29,77,Lacrosse,11.8,625.0,162,131,19,27,52,2,0,false,,,
2024-04-18 02:08:41,2024-04-19 03:03:32,UTC-04:00,2024-04-18 11:40:30,2024-04-18 12:43:29,62,Lacrosse,8.4,374.0,152,120,29,55,16,0,0,false,,,
2024-04-17 01:49:23,2024-04-18 02:08:41,UTC-04:00,2024-04-17 19:24:00,2024-04-17 21:14:59,110,Lacrosse,13.7,906.0,168,131,16,31,44,8,0,false,,,
2024-04-15 02:46:15,2024-04-16 01:03:57,UTC-04:00,2024-04-15 19:30:00,2024-04-15 21:47:59,137,Lacrosse,14.6,1139.0,179,132,11,39,43,7,0,false,,,
2024-04-15 02:46:15,2024-04-16 01:03:57,UTC-04:00,2024-04-15 16:42:00,2024-04-15 17:11:59,29,Activity,7.8,255.0,160,133,9,34,55,2,0,false,,,
2024-04-13 01:27:37,2024-04-14 01:39:24,UTC-04:00,2024-04-13 17:04:30,2024-04-13 20:26:59,202,Lacrosse,14.4,1217.0,160,121,40,26,30,1,0,false,,,
2024-04-11 03:11:21,2024-04-12 00:47:11,UTC-04:00,2024-04-11 19:18:00,2024-04-11 21:17:59,119,Lacrosse,14.0,1000.0,170,132,9,39,42,10,0,false,,,
2024-04-09 01:40:53,2024-04-10 00:56:14,UTC-04:00,2024-04-09 18:24:00,2024-04-09 18:59:59,35,Lacrosse,8.0,288.0,153,131,10,39,51,0,0,false,,,
2024-04-07 03:33:45,2024-04-08 02:19:47,UTC-04:00,2024-04-07 16:00:00,2024-04-07 17:08:59,68,Lacrosse,12.0,583.0,164,133,15,18,56,7,0,false,,,
2024-04-06 03:08:52,2024-04-07 03:33:45,UTC-04:00,2024-04-06 17:30:00,2024-04-06 18:38:59,68,Lacrosse,12.7,677.0,165,140,0,27,63,10,0,false,,,
2024-04-04 01:40:21,2024-04-05 02:02:30,UTC-04:00,2024-04-04 19:12:00,2024-04-04 20:29:59,77,Lacrosse,12.1,663.0,159,133,4,39,56,1,0,false,,,
2024-04-02 01:46:01,2024-04-03 02:00:30,UTC-04:00,2024-04-02 16:39:00,2024-04-02 17:08:59,29,Activity,9.1,303.0,191,141,3,15,66,12,4,false,,,
2024-04-01 01:11:58,2024-04-02 01:46:01,UTC-04:00,2024-04-01 19:25:30,2024-04-01 21:43:29,137,Lacrosse,14.6,1163.0,170,133,6,51,37,6,0,false,,,
2024-03-31 01:44:07,2024-04-01 01:11:58,UTC-04:00,2024-03-31 12:10:30,2024-03-31 12:56:59,46,Activity,9.2,384.0,169,132,3,53,42,2,0,false,,,
2024-03-28 02:45:03,2024-03-29 03:02:23,UTC-04:00,2024-03-28 20:46:30,2024-03-28 22:10:29,83,Lacrosse,12.3,694.0,165,132,11,38,46,5,0,false,,,
2024-03-26 01:51:33,2024-03-27 01:47:47,UTC-04:00,2024-03-26 20:57:00,2024-03-26 22:43:29,106,Lacrosse,14.6,1031.0,170,139,4,22,65,9,0,false,,,
2024-03-23 02:31:24,2024-03-24 00:37:31,UTC-04:00,2024-03-23 13:21:00,2024-03-23 13:53:59,32,Lacrosse,6.5,202.0,154,121,29,47,24,0,0,false,,,
2024-03-23 02:31:24,2024-03-24 00:37:31,UTC-04:00,2024-03-23 11:21:00,2024-03-23 12:13:29,52,Lacrosse,9.5,390.0,161,127,25,26,46,3,0,false,,,
2024-03-20 02:19:09,2024-03-21 01:36:57,UTC-04:00,2024-03-20 19:28:30,2024-03-20 21:13:29,104,Lacrosse,13.9,933.0,170,135,11,29,51,9,0,false,,,
2024-03-18 01:59:46,2024-03-19 02:18:38,UTC-04:00,2024-03-18 19:28:30,2024-03-18 21:13:29,104,Lacrosse,13.9,969.0,161,136,1,35,61,3,0,false,,,
2024-03-16 02:41:26,2024-03-17 02:24:10,UTC-04:00,2024-03-16 12:18:00,2024-03-16 12:59:59,41,Activity,10.0,379.0,169,136,8,36,48,8,0,false,,,
2024-03-16 02:41:26,2024-03-17 02:24:10,UTC-04:00,2024-03-16 10:04:30,2024-03-16 11:04:29,59,Lacrosse,12.1,592.0,162,140,1,21,70,8,0,false,,,
2024-03-14 03:45:41,2024-03-15 01:11:58,UTC-04:00,2024-03-14 19:28:30,2024-03-14 21:11:59,103,Lacrosse,13.3,872.0,165,132,8,40,48,4,0,false,,,
2024-03-12 04:11:59,2024-03-13 03:43:42,UTC-04:00,2024-03-12 19:30:00,2024-03-12 21:11:59,101,Lacrosse,13.9,954.0,164,137,3,27,63,7,0,false,,,
2024-03-04 00:17:38,2024-03-05 00:26:48,UTC-07:00,2024-03-04 10:13:30,2024-03-04 11:56:59,103,Lacrosse,11.6,707.0,164,126,13,54,28,2,0,false,,,
2024-03-03 00:26:15,2024-03-04 00:17:38,UTC-07:00,2024-03-03 14:03:00,2024-03-03 15:07:29,64,Lacrosse,8.7,398.0,150,123,18,57,24,0,0,false,,,
2024-03-03 00:26:15,2024-03-04 00:17:38,UTC-07:00,2024-03-03 12:07:30,2024-03-03 13:43:29,95,Lacrosse,13.3,820.0,170,135,9,34,46,11,0,false,,,
2024-03-02 01:47:51,2024-03-03 00:26:15,UTC-07:00,2024-03-02 15:33:00,2024-03-02 16:28:29,55,Lacrosse,9.7,401.0,171,128,20,48,19,13,0,false,,,
2024-03-02 01:47:51,2024-03-03 00:26:15,UTC-07:00,2024-03-02 13:58:30,2024-03-02 15:20:59,82,Lacrosse,12.1,670.0,168,132,8,36,49,6,0,false,,,
2024-02-28 02:02:48,2024-02-29 02:45:41,UTC-05:00,2024-02-28 19:30:00,2024-02-28 21:23:59,113,Lacrosse,12.5,784.0,174,126,21,43,32,4,0,false,,,
2024-02-26 03:23:04,2024-02-27 01:40:15,UTC-05:00,2024-02-26 19:30:00,2024-02-26 21:04:29,94,Lacrosse,14.1,931.0,167,141,2,23,56,19,0,false,,,
2024-02-24 02:34:53,2024-02-25 02:33:31,UTC-05:00,2024-02-24 12:04:30,2024-02-24 14:25:29,140,Lacrosse,16.9,1478.0,177,144,1,21,51,27,0,false,,,
2024-02-22 00:01:54,2024-02-23 00:46:11,UTC-05:00,2024-02-22 19:04:30,2024-02-22 21:02:59,118,Lacrosse,15.3,1169.0,172,141,2,24,54,20,0,false,,,
2024-02-20 00:10:25,2024-02-21 01:22:05,UTC-05:00,2024-02-20 19:28:30,2024-02-20 21:08:00,99,Lacrosse,14.0,950.0,165,139,1,26,63,10,0,false,,,
2024-02-18 00:13:14,2024-02-19 02:41:48,UTC-05:00,2024-02-18 16:04:30,2024-02-18 17:17:59,73,Lacrosse,10.9,564.0,171,129,9,52,35,4,0,false,,,
2024-02-18 00:13:14,2024-02-19 02:41:48,UTC-05:00,2024-02-18 13:54:00,2024-02-18 14:58:29,64,Lacrosse,9.4,438.0,156,125,18,54,26,0,0,false,,,
2024-02-17 03:32:40,2024-02-18 00:13:14,UTC-05:00,2024-02-17 17:57:00,2024-02-17 19:07:29,70,Activity,9.3,453.0,152,123,21,53,25,0,0,false,,,
2024-02-17 03:32:40,2024-02-18 00:13:14,UTC-05:00,2024-02-17 16:03:00,2024-02-17 17:10:29,67,Lacrosse,11.7,572.0,165,133,14,30,48,7,0,false,,,
2024-02-14 02:56:28,2024-02-15 01:52:34,UTC-05:00,2024-02-14 19:30:00,2024-02-14 21:14:59,104,Lacrosse,13.5,860.0,166,131,19,29,44,8,0,false,,,
2024-02-10 02:33:53,2024-02-11 01:10:46,UTC-05:00,2024-02-10 12:09:00,2024-02-10 14:05:59,116,Lacrosse,14.3,1062.0,165,136,3,35,59,3,0,false,,,
2024-02-08 02:13:25,2024-02-09 01:40:56,UTC-05:00,2024-02-08 19:24:00,2024-02-08 21:13:29,109,Lacrosse,14.2,966.0,171,135,7,43,38,12,0,false,,,
2024-02-06 02:39:46,2024-02-07 02:08:34,UTC-05:00,2024-02-06 19:31:30,2024-02-06 21:10:29,98,Lacrosse,13.0,835.0,164,133,3,47,48,2,0,false,,,
2024-02-04 02:30:03,2024-02-05 02:40:12,UTC-05:00,2024-02-04 13:45:00,2024-02-04 14:44:59,59,Activity,10.3,486.0,158,131,6,54,40,0,0,false,,,
2024-02-03 02:54:03,2024-02-04 02:30:03,UTC-05:00,2024-02-03 11:57:00,2024-02-03 14:07:29,130,Lacrosse,15.3,1268.0,166,139,1,25,71,3,0,false,,,
2024-01-31 01:59:39,2024-02-01 01:27:57,UTC-05:00,2024-01-31 19:31:30,2024-01-31 21:06:16,94,Lacrosse,13.1,809.0,165,133,6,46,41,7,0,false,,,
2024-01-29 02:14:06,2024-01-30 01:42:18,UTC-05:00,2024-01-29 19:30:00,2024-01-29 21:07:29,97,Lacrosse,13.4,844.0,170,134,4,38,47,10,0,false,,,
2024-01-27 03:44:05,2024-01-27 21:10:28,UTC-05:00,2024-01-27 12:06:00,2024-01-27 14:04:29,118,Lacrosse,11.9,716.0,167,121,31,43,22,2,0,false,,,
2024-01-26 03:16:10,2024-01-27 03:44:05,UTC-05:00,2024-01-27 03:03:00,2024-01-27 03:25:29,22,Activity,9.1,259.0,180,148,1,16,35,48,0,false,,,
2024-01-25 02:27:24,2024-01-26 03:16:10,UTC-05:00,2024-01-25 19:31:30,2024-01-25 21:14:59,103,Lacrosse,14.6,1013.0,175,140,3,24,63,10,0,false,,,
2024-01-23 01:53:43,2024-01-24 03:09:40,UTC-05:00,2024-01-23 19:19:30,2024-01-23 21:19:29,119,Lacrosse,14.9,1122.0,172,138,6,26,54,14,0,false,,,
2024-01-17 01:03:01,2024-01-18 00:55:50,UTC-05:00,2024-01-17 19:31:30,2024-01-17 21:11:59,100,Lacrosse,13.8,930.0,165,138,3,28,65,4,0,false,,,
2024-01-15 00:00:00,2024-01-16 01:00:05,UTC-05:00,2024-01-15 19:27:00,2024-01-15 21:22:29,115,Lacrosse,14.4,1054.0,162,137,5,33,57,5,0,false,,,
2024-01-11 01:13:45,2024-01-12 01:46:33,UTC-05:00,2024-01-11 19:12:00,2024-01-11 21:03:57,111,Lacrosse,15.5,1174.0,178,144,0,18,64,18,0,false,,,
2023-12-30 23:58:25,2024-01-01 00:03:16,UTC-07:00,2023-12-31 11:43:30,2023-12-31 12:42:13,58,Activity,9.8,441.0,170,130,4,65,22,9,0,false,,,
2023-12-20 04:09:46,2023-12-21 03:36:39,UTC+01:00,2023-12-20 15:06:00,2023-12-20 15:35:59,29,Weightlifting,5.5,129.0,144,113,57,37,5,0,0,false,,,
2023-12-15 03:53:18,2023-12-16 03:03:22,UTC+01:00,2023-12-15 11:22:08,2023-12-15 13:48:04,145,Functional Fitness,9.6,553.0,147,109,61,28,2,0,0,false,,,
2023-12-13 03:24:52,2023-12-14 11:33:14,UTC+01:00,2023-12-14 06:07:32,2023-12-14 07:48:31,100,Functional Fitness,11.2,619.0,171,121,24,53,16,4,0,false,,,
2023-12-13 03:24:52,2023-12-14 11:33:14,UTC+01:00,2023-12-13 14:48:30,2023-12-13 16:11:00,82,Weightlifting,9.8,509.0,151,122,26,53,18,0,0,false,,,
2023-12-12 01:20:49,2023-12-13 03:24:52,UTC+01:00,2023-12-12 11:26:51,2023-12-12 13:15:29,108,Functional Fitness,10.0,557.0,153,116,37,46,12,0,0,false,,,
2023-12-11 03:27:47,2023-12-12 01:20:49,UTC+01:00,2023-12-11 14:29:34,2023-12-11 16:15:47,106,Functional Fitness,9.7,505.0,157,115,46,37,12,0,0,false,,,
2023-12-10 03:58:01,2023-12-11 03:27:47,UTC+01:00,2023-12-10 17:02:24,2023-12-10 18:49:36,107,Functional Fitness,11.2,622.0,158,120,31,44,22,0,0,false,,,
2023-12-08 03:29:18,2023-12-09 02:36:45,UTC+01:00,2023-12-08 11:30:06,2023-12-08 13:33:29,123,Functional Fitness,9.2,501.0,144,111,53,34,5,0,0,false,,,
2023-12-07 01:40:38,2023-12-08 03:29:18,UTC+01:00,2023-12-07 11:23:10,2023-12-07 13:07:56,104,Functional Fitness,8.4,420.0,145,111,48,33,6,0,0,false,,,
2023-12-06 02:53:37,2023-12-07 01:40:38,UTC+01:00,2023-12-06 11:29:47,2023-12-06 13:49:09,139,Functional Fitness,5.9,274.0,131,99,63,6,0,0,0,false,,,
2023-12-05 02:48:47,2023-12-06 02:53:37,UTC+01:00,2023-12-05 11:16:47,2023-12-05 13:07:49,111,Functional Fitness,8.8,435.0,150,111,52,22,13,0,0,false,,,
2023-12-04 02:00:37,2023-12-05 02:48:47,UTC+01:00,2023-12-04 14:39:20,2023-12-04 16:28:01,108,Functional Fitness,9.8,488.0,157,114,51,19,20,0,0,false,,,
2023-12-02 02:32:41,2023-12-03 04:01:39,UTC+01:00,2023-12-02 17:05:53,2023-12-02 18:41:00,95,Functional Fitness,8.9,413.0,156,115,51,32,14,0,0,false,,,
2023-12-01 00:52:40,2023-12-02 02:32:41,UTC+01:00,2023-12-01 15:33:29,2023-12-01 16:41:26,67,Functional Fitness,6.5,249.0,144,110,46,37,5,0,0,false,,,
2023-11-30 01:37:18,2023-12-01 00:52:40,UTC+01:00,2023-11-30 11:19:01,2023-11-30 13:31:48,132,Functional Fitness,11.3,591.0,163,114,53,13,15,6,0,false,,,
2023-11-29 02:30:42,2023-11-30 01:37:18,UTC+01:00,2023-11-29 14:29:15,2023-11-29 16:01:39,92,Functional Fitness,11.8,606.0,173,126,29,40,20,11,0,false,,,
2023-11-28 01:25:50,2023-11-29 02:30:42,UTC+01:00,2023-11-28 11:19:24,2023-11-28 13:58:41,159,Functional Fitness,13.4,948.0,167,123,28,50,16,6,0,false,,,
2023-11-27 01:15:12,2023-11-28 01:25:50,UTC+01:00,2023-11-27 14:32:35,2023-11-27 16:25:56,113,Functional Fitness,11.5,640.0,160,120,40,32,22,3,0,false,,,
2023-11-25 01:57:07,2023-11-26 02:22:28,UTC+01:00,2023-11-25 12:10:30,2023-11-25 12:35:59,25,Weightlifting,5.3,109.0,151,113,55,31,11,0,0,false,,,
2023-11-23 02:50:40,2023-11-24 02:46:52,UTC+01:00,2023-11-23 11:21:02,2023-11-23 12:34:26,73,Functional Fitness,6.8,264.0,142,109,63,31,0,0,0,false,,,
2023-11-22 02:49:03,2023-11-23 02:50:40,UTC+01:00,2023-11-22 15:04:30,2023-11-22 16:09:00,64,Weightlifting,6.5,243.0,145,110,58,37,1,0,0,false,,,
2023-11-21 01:20:37,2023-11-22 02:49:03,UTC+01:00,2023-11-21 11:21:05,2023-11-21 13:19:59,118,Functional Fitness,10.9,595.0,156,115,43,21,24,0,0,false,,,
2023-11-18 02:04:56,2023-11-19 02:33:26,UTC+01:00,2023-11-18 16:57:21,2023-11-18 18:55:10,117,Functional Fitness,9.9,496.0,159,110,53,10,19,0,0,false,,,
2023-11-17 01:05:17,2023-11-18 02:04:56,UTC+01:00,2023-11-17 16:14:17,2023-11-17 17:50:02,95,Functional Fitness,6.6,265.0,131,104,72,16,0,0,0,false,,,
2023-11-16 01:17:13,2023-11-17 01:05:17,UTC+01:00,2023-11-16 11:44:57,2023-11-16 14:13:58,149,Functional Fitness,10.7,585.0,159,110,64,11,14,0,0,false,,,
2023-11-15 00:55:32,2023-11-16 01:17:13,UTC+01:00,2023-11-15 14:54:29,2023-11-15 16:34:08,99,Functional Fitness,9.6,475.0,171,115,51,37,7,3,0,false,,,
2023-11-14 03:17:46,2023-11-15 00:55:32,UTC+01:00,2023-11-14 12:31:36,2023-11-14 13:59:22,87,Functional Fitness,9.4,367.0,177,110,47,21,5,7,0,false,,,
2023-11-13 03:24:02,2023-11-14 03:17:46,UTC+01:00,2023-11-13 14:31:31,2023-11-13 16:56:17,144,Weightlifting,11.7,635.0,179,113,49,36,2,4,1,false,,,
2023-11-12 02:59:29,2023-11-13 03:24:02,UTC+01:00,2023-11-12 10:34:45,2023-11-12 12:48:54,134,Weightlifting,12.4,727.0,175,118,42,26,16,6,0,false,,,
2023-11-11 04:16:38,2023-11-12 02:59:29,UTC+01:00,2023-11-11 11:36:55,2023-11-11 13:32:11,115,Weightlifting,10.3,504.0,163,111,41,14,17,3,0,false,,,
2023-11-10 02:02:56,2023-11-11 04:16:38,UTC+01:00,2023-11-10 15:51:29,2023-11-10 18:11:55,140,Weightlifting,11.1,567.0,175,111,57,12,11,5,0,false,,,
2023-11-09 01:51:38,2023-11-10 02:02:56,UTC+01:00,2023-11-09 11:31:42,2023-11-09 14:16:51,165,Weightlifting,11.9,797.0,161,116,37,42,12,1,0,false,,,
2023-11-08 01:02:53,2023-11-09 01:51:38,UTC+01:00,2023-11-08 22:21:00,2023-11-08 22:41:59,20,Activity,11.5,304.0,191,163,0,0,14,57,29,false,,,
2023-11-07 02:58:26,2023-11-08 01:02:53,UTC+01:00,2023-11-07 11:21:07,2023-11-07 13:27:45,126,Weightlifting,10.6,518.0,162,111,55,7,18,3,0,false,,,
2023-11-06 02:40:14,2023-11-07 02:58:26,UTC+01:00,2023-11-06 14:54:48,2023-11-06 16:57:19,122,Weightlifting,12.1,613.0,184,118,58,16,18,3,2,false,,,
2023-11-05 04:20:18,2023-11-06 02:40:14,UTC+01:00,2023-11-05 11:30:19,2023-11-05 13:43:54,133,Weightlifting,11.8,586.0,182,114,56,15,13,4,1,false,,,
2023-11-04 03:59:07,2023-11-05 04:20:18,UTC+01:00,2023-11-04 11:56:19,2023-11-04 14:28:18,151,Weightlifting,8.0,423.0,140,105,63,22,0,0,0,false,,,
2023-11-03 01:35:42,2023-11-04 03:59:07,UTC+01:00,2023-11-03 15:52:08,2023-11-03 17:43:10,111,Weightlifting,12.7,665.0,176,123,35,44,8,12,0,false,,,
2023-11-02 01:25:40,2023-11-03 01:35:42,UTC+01:00,2023-11-02 12:49:02,2023-11-02 14:41:52,112,Weightlifting,10.9,554.0,169,117,54,22,18,3,0,false,,,
2023-11-01 01:11:09,2023-11-02 01:25:40,UTC+01:00,2023-11-01 10:52:56,2023-11-01 13:05:42,132,Weightlifting,12.7,691.0,181,119,55,22,15,5,1,false,,,
2023-10-31 02:15:03,2023-11-01 01:11:09,UTC+01:00,2023-10-31 13:22:41,2023-10-31 15:35:14,132,Weightlifting,10.8,584.0,173,115,54,28,12,2,0,false,,,
2023-10-30 02:23:03,2023-10-31 02:15:03,UTC+01:00,2023-10-30 14:27:42,2023-10-30 16:07:47,100,Weightlifting,9.5,409.0,173,112,52,20,10,5,0,false,,,
2023-10-25 02:06:44,2023-10-26 01:37:09,UTC+02:00,2023-10-25 17:15:00,2023-10-25 17:52:29,37,Activity,10.7,408.0,176,146,0,9,64,27,0,false,,,
2023-10-25 02:06:44,2023-10-26 01:37:09,UTC+02:00,2023-10-25 08:38:24,2023-10-25 10:00:43,82,Weightlifting,6.6,254.0,153,103,48,8,13,0,0,false,,,
2023-10-24 01:34:54,2023-10-25 02:06:44,UTC+02:00,2023-10-24 12:38:27,2023-10-24 13:41:59,63,Weightlifting,6.8,265.0,147,112,45,54,0,0,0,false,,,
2023-10-23 00:55:06,2023-10-24 01:34:54,UTC+02:00,2023-10-23 08:32:37,2023-10-23 10:12:58,100,Weightlifting,8.7,394.0,155,110,57,15,13,0,0,false,,,
2023-10-22 04:46:58,2023-10-23 00:55:06,UTC+02:00,2023-10-22 11:30:07,2023-10-22 13:33:14,123,Weightlifting,10.8,572.0,162,114,51,31,9,3,0,false,,,
2023-10-20 02:01:35,2023-10-21 04:24:26,UTC+02:00,2023-10-20 07:56:08,2023-10-20 09:50:55,114,Weightlifting,7.0,336.0,137,103,45,26,0,0,0,false,,,
2023-10-19 01:51:28,2023-10-20 02:01:35,UTC+02:00,2023-10-19 11:30:00,2023-10-19 13:40:00,130,Functional Fitness,12.1,667.0,170,117,58,20,16,4,0,false,,,
2023-10-18 00:09:32,2023-10-19 01:51:28,UTC+02:00,2023-10-18 07:33:40,2023-10-18 09:40:20,126,Functional Fitness,12.6,704.0,170,118,46,28,11,9,0,false,,,
2023-10-17 02:28:50,2023-10-18 00:09:32,UTC+02:00,2023-10-17 11:33:18,2023-10-17 13:51:57,138,Weightlifting,11.4,643.0,172,113,54,18,17,1,0,false,,,
2023-10-16 02:08:33,2023-10-17 02:28:50,UTC+02:00,2023-10-16 14:39:10,2023-10-16 16:34:07,114,Weightlifting,11.3,652.0,164,120,32,46,19,1,0,false,,,
2023-10-15 02:46:19,2023-10-16 02:08:33,UTC+02:00,2023-10-15 12:13:01,2023-10-15 13:55:42,102,Weightlifting,10.4,530.0,155,118,47,28,22,0,0,false,,,
2023-10-14 04:22:25,2023-10-15 02:46:19,UTC+02:00,2023-10-14 12:09:50,2023-10-14 13:58:37,108,Weightlifting,11.2,579.0,156,118,48,22,26,0,0,false,,,
2023-10-12 01:29:00,2023-10-13 01:54:20,UTC+02:00,2023-10-12 12:02:20,2023-10-12 13:58:35,116,Weightlifting,10.0,493.0,159,110,41,16,15,2,0,false,,,
2023-10-11 03:06:57,2023-10-12 01:29:00,UTC+02:00,2023-10-11 08:01:58,2023-10-11 09:57:37,115,Weightlifting,10.6,582.0,168,116,46,38,11,1,0,false,,,
2023-10-10 02:06:19,2023-10-11 03:06:57,UTC+02:00,2023-10-10 11:15:00,2023-10-10 12:52:00,97,Weightlifting,8.4,409.0,142,112,51,38,3,0,0,false,,,
2023-10-09 01:19:17,2023-10-10 02:06:19,UTC+02:00,2023-10-09 18:40:30,2023-10-09 19:04:38,24,Basketball,7.1,210.0,155,134,4,19,74,0,0,false,,,
2023-10-09 01:19:17,2023-10-10 02:06:19,UTC+02:00,2023-10-09 07:46:43,2023-10-09 09:44:09,117,Weightlifting,10.8,585.0,173,116,56,24,15,2,0,false,,,
2023-10-08 01:34:53,2023-10-09 01:19:17,UTC+02:00,2023-10-08 11:40:16,2023-10-08 13:52:13,131,Weightlifting,9.6,481.0,180,107,52,19,5,2,0,false,,,
2023-10-07 04:55:45,2023-10-08 01:34:53,UTC+02:00,2023-10-07 17:30:00,2023-10-07 19:55:23,145,Weightlifting,11.2,647.0,181,113,57,31,5,2,0,false,,,
2023-10-06 02:44:59,2023-10-07 04:55:45,UTC+02:00,2023-10-06 15:37:30,2023-10-06 15:58:29,20,Basketball,9.2,243.0,172,148,5,11,30,54,0,false,,,
2023-10-05 00:20:16,2023-10-06 02:44:59,UTC+02:00,2023-10-05 10:45:57,2023-10-05 12:38:25,112,Weightlifting,9.6,483.0,175,111,44,31,5,3,0,false,,,
2023-10-04 01:07:13,2023-10-05 00:20:16,UTC+02:00,2023-10-04 07:55:26,2023-10-04 09:59:41,124,Weightlifting,10.4,564.0,172,113,45,30,9,3,0,false,,,
2023-10-03 01:00:56,2023-10-04 01:07:13,UTC+02:00,2023-10-03 20:13:30,2023-10-03 21:06:33,53,Weightlifting,4.9,122.0,127,100,55,13,0,0,0,false,,,
2023-10-03 01:00:56,2023-10-04 01:07:13,UTC+02:00,2023-10-03 11:22:09,2023-10-03 13:42:32,140,Weightlifting,8.9,486.0,147,108,62,25,3,0,0,false,,,
2023-10-02 00:36:50,2023-10-03 01:00:56,UTC+02:00,2023-10-02 09:01:44,2023-10-02 10:58:57,117,Weightlifting,10.0,541.0,172,114,41,48,2,3,0,false,,,
2023-09-29 01:29:47,2023-09-30 03:04:34,UTC+02:00,2023-09-29 07:39:27,2023-09-29 09:24:07,104,Weightlifting,9.3,459.0,171,113,47,35,4,3,0,false,,,
2023-09-28 02:10:35,2023-09-29 01:29:47,UTC+02:00,2023-09-28 11:21:16,2023-09-28 12:56:34,95,Weightlifting,9.9,513.0,174,119,31,58,7,2,0,false,,,
2023-09-27 01:13:20,2023-09-28 02:10:35,UTC+02:00,2023-09-27 07:49:41,2023-09-27 09:48:26,118,Weightlifting,11.1,619.0,177,118,42,38,16,2,0,false,,,
2023-09-26 01:56:44,2023-09-27 01:13:20,UTC+02:00,2023-09-26 11:29:06,2023-09-26 13:40:21,131,Weightlifting,11.6,746.0,171,121,28,52,19,0,0,false,,,
2023-09-25 02:22:44,2023-09-26 01:56:44,UTC+02:00,2023-09-25 08:58:12,2023-09-25 10:45:56,107,Weightlifting,8.9,451.0,173,113,40,49,1,1,0,false,,,
2023-09-24 03:09:19,2023-09-25 02:22:44,UTC+02:00,2023-09-24 11:54:19,2023-09-24 13:54:45,120,Weightlifting,7.8,391.0,165,106,46,29,1,1,0,false,,,
2023-09-22 01:39:48,2023-09-23 01:49:25,UTC+02:00,2023-09-22 17:38:45,2023-09-22 19:15:15,96,Weightlifting,11.9,655.0,178,127,25,41,32,2,0,false,,,
2023-09-21 02:36:26,2023-09-22 01:39:48,UTC+02:00,2023-09-21 11:34:09,2023-09-21 14:01:41,147,Weightlifting,11.8,736.0,179,118,40,48,11,1,0,false,,,
2023-09-20 01:37:40,2023-09-21 02:36:26,UTC+02:00,2023-09-20 14:42:27,2023-09-20 16:49:07,126,Weightlifting,9.4,508.0,165,113,53,40,2,1,0,false,,,
2023-09-19 02:28:05,2023-09-20 01:37:40,UTC+02:00,2023-09-19 11:20:30,2023-09-19 13:35:59,135,Weightlifting,9.8,538.0,176,112,48,29,9,1,0,false,,,
2023-09-18 03:06:19,2023-09-19 02:28:05,UTC+02:00,2023-09-18 16:15:30,2023-09-18 18:24:28,128,Weightlifting,10.3,609.0,147,117,38,48,13,0,0,false,,,
2023-09-17 02:52:15,2023-09-18 03:06:19,UTC+02:00,2023-09-17 11:50:00,2023-09-17 13:50:01,120,Weightlifting,12.3,781.0,179,126,15,57,27,1,0,false,,,
2023-09-16 02:51:47,2023-09-17 02:52:15,UTC+02:00,2023-09-16 20:36:00,2023-09-16 20:59:59,23,Activity,8.5,259.0,178,146,0,3,77,20,0,false,,,
2023-09-16 02:51:47,2023-09-17 02:52:15,UTC+02:00,2023-09-16 11:54:27,2023-09-16 13:52:36,118,Weightlifting,11.8,760.0,154,125,15,56,28,0,0,false,,,
2023-09-15 03:14:13,2023-09-16 02:51:47,UTC+02:00,2023-09-15 15:19:30,2023-09-15 17:59:01,159,Weightlifting,9.7,594.0,142,111,50,40,2,0,0,false,,,
2023-09-13 02:25:03,2023-09-14 11:33:49,UTC+02:00,2023-09-13 14:27:00,2023-09-13 16:17:59,110,Weightlifting,10.8,659.0,149,123,17,67,16,0,0,false,,,
2023-09-12 03:21:34,2023-09-13 02:25:03,UTC+02:00,2023-09-12 11:30:00,2023-09-12 13:20:32,110,Weightlifting,12.1,742.0,160,126,19,47,31,1,0,false,,,
2023-09-11 03:27:47,2023-09-12 03:21:34,UTC+02:00,2023-09-11 14:45:00,2023-09-11 16:25:04,100,Weightlifting,9.6,519.0,147,119,32,55,13,0,0,false,,,
2023-09-10 02:57:26,2023-09-11 03:27:47,UTC+02:00,2023-09-10 12:09:00,2023-09-10 13:51:26,102,Weightlifting,11.3,684.0,151,125,15,60,25,0,0,false,,,
2023-09-08 02:41:28,2023-09-09 05:14:24,UTC+02:00,2023-09-08 15:41:24,2023-09-08 17:27:29,106,Weightlifting,8.6,436.0,144,112,52,40,3,0,0,false,,,
2023-09-07 02:39:27,2023-09-08 02:41:28,UTC+02:00,2023-09-07 11:45:00,2023-09-07 13:40:00,115,Weightlifting,9.8,565.0,150,116,34,56,7,0,0,false,,,
2023-09-05 01:49:00,2023-09-06 00:26:02,UTC+02:00,2023-09-05 12:04:14,2023-09-05 13:29:39,85,Weightlifting,7.1,298.0,139,109,66,26,0,0,0,false,,,
2023-09-04 03:45:32,2023-09-05 01:49:00,UTC+02:00,2023-09-04 15:15:00,2023-09-04 17:03:15,108,Weightlifting,7.7,342.0,168,106,63,22,0,1,0,false,,,
2023-09-03 05:38:12,2023-09-04 03:45:32,UTC+02:00,2023-09-03 17:04:30,2023-09-03 18:53:59,109,Weightlifting,10.7,643.0,151,121,25,60,15,0,0,false,,,
2023-09-02 05:49:59,2023-09-03 05:38:12,UTC+02:00,2023-09-02 17:00:00,2023-09-02 18:30:00,90,Weightlifting,8.5,383.0,167,113,57,24,13,1,0,false,,,
2023-09-01 02:24:03,2023-09-02 05:49:59,UTC+02:00,2023-09-01 14:45:00,2023-09-01 16:07:00,82,Weightlifting,8.6,411.0,149,117,37,49,11,0,0,false,,,
2023-07-18 20:51:48,2023-07-20 00:55:09,UTC-04:00,2023-07-19 15:22:38,2023-07-19 16:33:27,70,Weightlifting,6.8,269.0,150,110,45,39,4,0,0,false,,,
2023-07-17 23:48:29,2023-07-18 20:51:48,UTC-04:00,2023-07-18 13:24:00,2023-07-18 13:47:59,23,Manual Labor,5.4,126.0,135,119,25,75,0,0,0,false,,,
2023-07-16 23:48:29,2023-07-17 23:48:29,UTC-04:00,2023-07-17 12:09:00,2023-07-17 14:07:29,118,Manual Labor,20.4,1854.0,203,169,1,1,11,32,55,false,,,
2023-07-13 23:49:09,2023-07-15 01:29:20,UTC-04:00,2023-07-15 00:21:00,2023-07-15 00:56:59,35,Activity,6.4,211.0,145,121,13,78,9,0,0,false,,,
2023-07-13 23:49:09,2023-07-15 01:29:20,UTC-04:00,2023-07-14 19:46:30,2023-07-14 20:14:59,28,Activity,7.0,222.0,149,130,4,53,43,0,0,false,,,
2023-07-11 01:07:51,2023-07-11 20:36:47,UTC-04:00,2023-07-11 09:22:53,2023-07-11 12:19:19,176,Manual Labor,6.5,366.0,130,95,42,9,0,0,0,true,30479.32,620.94,5.77
2023-07-11 01:07:51,2023-07-11 20:36:47,UTC-04:00,2023-07-11 06:42:30,2023-07-11 09:20:03,157,Manual Labor,8.8,485.0,142,108,76,19,0,0,0,false,,,
2023-07-10 00:00:00,2023-07-11 01:07:51,UTC-04:00,2023-07-10 14:15:17,2023-07-10 15:38:04,82,Weightlifting,11.9,642.0,161,131,7,41,48,2,0,false,,,
2023-05-13 01:48:22,2023-05-14 02:02:20,UTC-04:00,2023-05-13 19:53:08,2023-05-13 21:46:40,113,Activity,11.3,707.0,154,121,21,65,14,0,0,false,,,
2023-05-13 01:48:22,2023-05-14 02:02:20,UTC-04:00,2023-05-13 12:23:27,2023-05-13 13:39:35,76,Lacrosse,9.8,480.0,156,121,26,50,22,0,0,false,,,
2023-04-18 01:45:39,2023-04-19 01:24:21,UTC-04:00,2023-04-18 16:30:42,2023-04-18 17:56:44,86,Activity,12.0,666.0,163,128,14,45,39,2,0,false,,,
2023-04-17 02:06:52,2023-04-18 01:45:39,UTC-04:00,2023-04-17 15:25:25,2023-04-17 17:02:22,96,Lacrosse,11.0,641.0,153,124,15,56,29,0,0,false,,,
2023-04-15 02:06:09,2023-04-16 01:11:36,UTC-04:00,2023-04-15 17:03:44,2023-04-15 19:08:51,125,Lacrosse,13.6,981.0,168,130,10,42,46,2,0,false,,,
2023-04-14 01:12:25,2023-04-15 02:06:09,UTC-04:00,2023-04-14 17:00:32,2023-04-14 19:19:24,138,Lacrosse,15.3,1220.0,173,135,5,36,47,12,0,false,,,
2023-04-12 23:46:34,2023-04-14 01:12:25,UTC-04:00,2023-04-13 15:29:36,2023-04-13 17:02:09,92,Lacrosse,10.4,553.0,154,122,28,45,27,0,0,false,,,
2023-04-12 00:02:50,2023-04-12 23:46:34,UTC-04:00,2023-04-12 12:49:09,2023-04-12 14:32:43,103,Lacrosse,10.6,583.0,166,119,31,39,27,0,0,false,,,
2023-04-11 00:44:10,2023-04-12 00:02:50,UTC-04:00,2023-04-11 20:07:56,2023-04-11 20:44:25,36,Basketball,7.6,215.0,169,118,14,16,22,13,0,false,,,
2023-04-11 00:44:10,2023-04-12 00:02:50,UTC-04:00,2023-04-11 16:19:02,2023-04-11 18:06:16,107,Lacrosse,13.6,893.0,170,133,5,42,45,8,0,false,,,
2022-11-17 00:30:20,2022-11-18 00:31:20,UTC-05:00,2022-11-17 15:54:43,2022-11-17 17:43:43,109,Activity,9.9,538.0,158,116,38,48,12,0,0,false,,,
2022-11-14 23:08:34,2022-11-15 23:28:58,UTC-05:00,2022-11-15 15:36:31,2022-11-15 17:22:27,105,Activity,10.5,625.0,153,121,17,68,14,0,0,false,,,
2022-11-03 00:23:30,2022-11-03 23:49:04,UTC-04:00,2022-11-03 15:42:58,2022-11-03 17:43:08,120,Football,9.8,552.0,163,118,29,61,8,1,0,false,,,
2022-09-16 00:11:30,2022-09-17 00:52:53,UTC-04:00,2022-09-16 19:18:57,2022-09-16 19:52:08,33,Activity,8.6,296.0,170,138,1,30,54,15,0,false,,,
2022-08-18 23:24:18,2022-08-19 23:28:57,UTC-04:00,2022-08-19 17:00:00,2022-08-19 17:58:00,58,HIIT,12.5,519.0,178,133,9,14,27,34,2,false,,,
2022-08-17 23:24:18,2022-08-18 23:24:18,UTC-04:00,2022-08-18 16:30:00,2022-08-18 17:15:00,45,HIIT,9.5,376.0,152,129,2,18,68,0,0,false,,,
2022-08-17 00:35:23,2022-08-17 23:24:18,UTC-04:00,2022-08-17 17:25:00,2022-08-17 18:20:00,55,HIIT,13.2,554.0,174,139,4,19,20,47,0,false,,,
2022-08-12 23:01:17,2022-08-14 00:00:00,UTC-04:00,2022-08-13 16:28:59,2022-08-13 17:01:45,32,Golf,8.6,300.0,157,135,6,27,65,2,0,false,,,
2022-08-10 23:18:59,2022-08-11 23:08:59,UTC-04:00,2022-08-11 16:38:13,2022-08-11 16:56:37,18,Golf,8.2,206.0,163,146,4,14,35,47,0,false,,,
2022-08-08 23:33:39,2022-08-09 19:08:06,UTC-04:00,2022-08-09 16:42:27,2022-08-09 17:00:13,17,Golf,8.3,195.0,169,144,7,24,19,50,0,false,,,
2022-08-06 00:00:00,2022-08-07 01:25:22,UTC-04:00,2022-08-06 16:30:00,2022-08-06 21:00:00,270,Pickleball,15.2,1343.0,168,114,48,26,10,7,0,false,,,
2022-07-31 23:20:30,2022-08-01 23:13:34,UTC-04:00,2022-08-01 18:37:47,2022-08-01 19:12:53,35,Golf,10.4,332.0,174,137,19,20,19,42,0,false,,,
2022-07-31 23:20:30,2022-08-01 23:13:34,UTC-04:00,2022-08-01 15:00:00,2022-08-01 16:15:00,75,Functional Fitness,5.7,207.0,139,96,32,21,0,0,0,false,,,
2022-07-31 23:20:30,2022-08-01 23:13:34,UTC-04:00,2022-08-01 06:30:00,2022-08-01 14:30:00,480,Manual Labor,10.2,1009.0,132,91,38,7,0,0,0,false,,,
2022-07-31 01:50:52,2022-07-31 23:20:30,UTC-04:00,2022-07-31 12:44:47,2022-07-31 13:23:34,38,Golf,8.8,339.0,158,133,2,42,55,1,0,false,,,
2022-07-30 00:22:21,2022-07-31 01:50:52,UTC-04:00,2022-07-30 18:30:00,2022-07-30 20:07:00,97,Golf,8.7,409.0,152,109,43,25,15,0,0,false,,,
2022-07-29 00:00:00,2022-07-30 00:22:21,UTC-04:00,2022-07-29 10:00:00,2022-07-29 14:00:00,240,Manual Labor,10.2,740.0,136,103,53,23,0,0,0,false,,,
2022-07-28 00:00:00,2022-07-29 00:00:00,UTC-04:00,2022-07-28 15:45:00,2022-07-28 17:45:00,120,Golf,8.3,430.0,144,107,60,31,1,0,0,false,,,
2022-07-28 00:00:00,2022-07-29 00:00:00,UTC-04:00,2022-07-28 06:30:00,2022-07-28 14:30:00,480,Manual Labor,13.3,1417.0,135,101,56,18,0,0,0,false,,,
2022-07-27 01:44:29,2022-07-28 00:00:00,UTC-04:00,2022-07-27 14:30:20,2022-07-27 15:42:41,72,Golf,7.7,321.0,149,113,55,24,12,0,0,true,7020.14,62.75,-40.04
2022-07-27 01:44:29,2022-07-28 00:00:00,UTC-04:00,2022-07-27 13:00:00,2022-07-27 14:15:00,75,Functional Fitness,7.4,312.0,145,111,48,39,6,0,0,false,,,
2022-07-22 02:26:53,2022-07-23 01:08:11,UTC-04:00,2022-07-22 15:03:00,2022-07-22 19:03:00,240,Golf,10.5,757.0,143,103,51,27,1,0,0,false,,,
2022-07-21 01:08:47,2022-07-22 02:26:53,UTC-04:00,2022-07-21 14:00:00,2022-07-21 15:30:00,90,Functional Fitness,8.2,377.0,155,113,38,43,9,0,0,false,,,
2022-07-19 23:59:48,2022-07-21 01:08:47,UTC-04:00,2022-07-20 16:45:55,2022-07-20 19:58:27,192,Golf,12.8,875.0,165,114,50,30,12,2,0,true,6795.32,29.83,-14.19
2022-07-15 01:21:53,2022-07-17 00:00:00,UTC-04:00,2022-07-15 07:45:00,2022-07-15 10:45:00,180,Golf,4.9,280.0,127,100,71,10,0,0,0,false,,,
2022-07-13 00:59:37,2022-07-14 02:07:12,UTC-04:00,2022-07-13 17:00:00,2022-07-13 18:15:00,75,Functional Fitness,6.6,264.0,141,105,44,36,1,0,0,false,,,
2022-07-12 00:43:28,2022-07-13 00:59:37,UTC-04:00,2022-07-12 14:45:00,2022-07-12 16:20:00,95,Functional Fitness,11.5,691.0,156,125,8,77,15,0,0,false,,,
2022-07-10 01:34:34,2022-07-11 00:11:04,UTC-04:00,2022-07-10 14:28:06,2022-07-10 15:02:07,34,Golf,8.3,301.0,150,133,1,32,67,0,0,false,,,
2022-07-02 01:21:50,2022-07-03 01:32:09,UTC-06:00,2022-07-02 19:03:02,2022-07-02 20:06:58,63,Activity,14.1,686.0,177,143,6,28,22,42,2,false,,,
2022-07-02 01:21:50,2022-07-03 01:32:09,UTC-06:00,2022-07-02 12:51:01,2022-07-02 14:21:53,90,Hiking,15.9,1012.0,187,145,0,24,48,18,10,false,,,
2022-06-29 23:41:22,2022-06-30 23:41:22,UTC-04:00,2022-06-30 16:07:43,2022-06-30 16:41:09,33,Golf,8.9,316.0,158,136,4,18,74,4,0,false,,,
2022-06-28 00:31:01,2022-06-29 01:02:37,UTC-04:00,2022-06-28 21:25:04,2022-06-28 21:50:09,25,Basketball,8.8,254.0,166,140,12,9,57,22,0,false,,,
2022-06-28 00:31:01,2022-06-29 01:02:37,UTC-04:00,2022-06-28 19:09:24,2022-06-28 19:28:10,18,Golf,7.4,193.0,158,141,2,16,76,6,0,false,,,
2022-06-26 23:48:50,2022-06-28 00:31:01,UTC-04:00,2022-06-27 16:13:15,2022-06-27 18:40:33,147,Golf,11.8,729.0,157,114,56,30,12,1,0,false,,,
2022-06-26 01:03:47,2022-06-26 23:48:50,UTC-04:00,2022-06-26 19:41:08,2022-06-26 20:14:43,33,Golf,8.5,299.0,155,134,4,32,64,0,0,false,,,
2022-06-25 00:39:10,2022-06-26 01:03:47,UTC-04:00,2022-06-25 09:05:00,2022-06-25 10:05:00,60,Functional Fitness,6.0,210.0,138,102,43,31,0,0,0,false,,,
2022-06-24 00:24:59,2022-06-25 00:39:10,UTC-04:00,2022-06-24 16:10:00,2022-06-24 17:50:00,100,Functional Fitness,8.4,425.0,147,108,38,44,3,0,0,false,,,
2022-06-21 00:55:35,2022-06-22 00:09:28,UTC-04:00,2022-06-21 16:14:12,2022-06-21 17:08:02,53,Functional Fitness,7.4,265.0,174,113,44,35,11,3,0,false,,,
2022-06-20 03:00:00,2022-06-21 00:55:35,UTC-04:00,2022-06-20 14:45:00,2022-06-20 15:34:00,49,Functional Fitness,6.2,202.0,148,111,47,38,6,0,0,false,,,
2022-06-17 23:34:46,2022-06-19 00:00:00,UTC-04:00,2022-06-18 14:00:00,2022-06-18 15:00:00,60,Functional Fitness,7.0,259.0,161,111,37,45,5,1,0,false,,,
2022-06-17 01:01:45,2022-06-17 23:34:46,UTC-04:00,2022-06-17 14:56:36,2022-06-17 15:48:37,52,Functional Fitness,8.1,307.0,165,119,26,50,12,7,0,false,,,
2022-06-16 00:07:30,2022-06-17 01:01:45,UTC-04:00,2022-06-16 12:21:42,2022-06-16 13:10:24,48,Functional Fitness,8.4,316.0,172,124,16,53,22,7,0,false,,,
2022-06-15 00:10:18,2022-06-16 00:07:30,UTC-04:00,2022-06-15 12:00:00,2022-06-15 13:05:00,65,Functional Fitness,9.1,399.0,183,123,15,49,25,5,0,false,,,
2022-06-12 00:48:54,2022-06-12 23:42:19,UTC-04:00,2022-06-12 18:25:34,2022-06-12 18:54:33,28,Basketball,9.8,309.0,170,144,3,19,52,26,0,false,,,
2022-06-09 23:54:13,2022-06-11 00:42:38,UTC-04:00,2022-06-10 16:08:05,2022-06-10 16:36:19,28,Golf,8.3,270.0,158,139,2,9,88,1,0,false,,,
2022-06-09 23:54:13,2022-06-11 00:42:38,UTC-04:00,2022-06-10 15:00:00,2022-06-10 16:00:00,60,Functional Fitness,6.0,196.0,138,108,56,33,1,0,0,false,,,
2022-06-09 00:05:15,2022-06-09 23:54:13,UTC-04:00,2022-06-09 19:25:42,2022-06-09 20:00:58,35,Basketball,11.0,374.0,178,144,7,8,60,22,2,false,,,
2022-05-26 00:40:14,2022-05-27 00:41:26,UTC-04:00,2022-05-26 04:30:00,2022-05-26 05:30:00,60,Hiking,9.0,344.0,170,117,43,25,15,9,0,false,,,
2022-05-25 00:32:28,2022-05-26 00:40:14,UTC-04:00,2022-05-25 18:00:12,2022-05-25 18:51:44,51,Activity,11.0,476.0,173,136,2,35,54,9,0,false,,,
2022-05-20 00:52:05,2022-05-20 23:49:08,UTC-04:00,2022-05-20 16:02:38,2022-05-20 18:20:19,137,Lacrosse,14.6,1141.0,173,132,9,38,47,6,0,false,,,
2022-05-15 00:39:55,2022-05-16 00:18:36,UTC-04:00,2022-05-15 13:43:27,2022-05-15 14:40:50,57,Functional Fitness,10.7,441.0,168,131,14,36,32,16,0,false,,,
2022-05-14 00:26:35,2022-05-15 00:39:55,UTC-04:00,2022-05-14 15:13:26,2022-05-14 17:09:41,116,Lacrosse,16.1,1217.0,173,144,2,17,52,29,0,false,,,
2022-05-13 00:14:37,2022-05-14 00:26:35,UTC-04:00,2022-05-13 16:14:48,2022-05-13 18:59:23,164,Lacrosse,17.1,1581.0,173,139,4,29,43,24,0,false,,,
2022-05-11 22:40:51,2022-05-13 00:14:37,UTC-04:00,2022-05-12 15:01:42,2022-05-12 16:21:25,79,Lacrosse,10.4,538.0,158,126,16,53,30,1,0,false,,,
2022-05-11 22:40:51,2022-05-13 00:14:37,UTC-04:00,2022-05-12 14:00:00,2022-05-12 14:40:00,40,Functional Fitness,6.0,185.0,149,113,23,61,6,0,0,false,,,
2022-05-10 23:53:13,2022-05-11 22:40:51,UTC-04:00,2022-05-11 13:20:00,2022-05-11 15:05:00,105,Lacrosse,15.4,1059.0,179,142,5,20,49,25,1,false,,,
2022-05-09 23:45:29,2022-05-10 23:53:13,UTC-04:00,2022-05-10 15:30:00,2022-05-10 17:30:00,120,Lacrosse,14.1,968.0,173,132,9,36,44,10,0,false,,,
2022-05-06 23:56:22,2022-05-08 01:11:01,UTC-04:00,2022-05-07 14:11:55,2022-05-07 15:48:27,96,Lacrosse,10.7,551.0,165,121,32,43,22,3,0,false,,,
2022-05-05 23:57:18,2022-05-06 23:56:22,UTC-04:00,2022-05-06 16:20:54,2022-05-06 18:54:30,153,Lacrosse,13.4,980.0,160,124,21,33,40,1,0,false,,,
2022-05-05 00:44:42,2022-05-05 23:57:18,UTC-04:00,2022-05-05 15:06:06,2022-05-05 16:13:19,67,Lacrosse,9.7,462.0,160,126,8,50,37,1,0,false,,,
2022-05-03 23:35:46,2022-05-05 00:44:42,UTC-04:00,2022-05-04 14:24:54,2022-05-04 16:17:24,112,Lacrosse,11.6,680.0,160,123,23,46,29,1,0,false,,,
2022-05-02 23:19:23,2022-05-03 23:35:46,UTC-04:00,2022-05-03 16:17:11,2022-05-03 17:53:01,95,Lacrosse,12.1,706.0,166,130,10,39,46,5,0,false,,,
2022-05-01 23:49:59,2022-05-02 23:19:23,UTC-04:00,2022-05-02 15:08:00,2022-05-02 17:00:00,112,Lacrosse,11.5,681.0,160,124,22,40,36,1,0,false,,,
2022-04-30 00:02:34,2022-05-01 01:34:37,UTC-04:00,2022-04-30 12:59:28,2022-04-30 14:08:55,69,Lacrosse,8.1,365.0,154,123,15,61,23,0,0,false,,,
2022-04-28 23:16:28,2022-04-30 00:02:34,UTC-04:00,2022-04-29 17:00:40,2022-04-29 19:46:25,165,Lacrosse,13.7,1084.0,161,125,16,56,27,1,0,false,,,
2022-04-27 23:48:22,2022-04-28 23:16:28,UTC-04:00,2022-04-28 15:14:18,2022-04-28 16:40:29,86,Lacrosse,10.5,538.0,153,121,22,41,33,0,0,false,,,
2022-04-26 23:21:17,2022-04-27 23:48:22,UTC-04:00,2022-04-27 14:51:25,2022-04-27 17:27:56,156,Lacrosse,14.4,1160.0,162,129,12,46,37,4,0,false,,,
2022-04-25 23:02:00,2022-04-26 23:21:17,UTC-04:00,2022-04-26 16:04:02,2022-04-26 17:43:59,99,Lacrosse,13.1,783.0,172,132,10,37,42,10,0,false,,,
2022-04-19 23:30:22,2022-04-20 23:37:54,UTC-04:00,2022-04-20 16:12:42,2022-04-20 18:20:42,127,Lacrosse,13.3,917.0,170,128,10,52,33,4,0,false,,,
2022-04-19 00:06:13,2022-04-19 23:30:22,UTC-04:00,2022-04-19 16:06:44,2022-04-19 17:36:52,90,Lacrosse,10.8,607.0,165,126,9,64,27,0,0,false,,,
2022-04-17 23:43:37,2022-04-19 00:06:13,UTC-04:00,2022-04-18 15:05:03,2022-04-18 16:45:57,100,Lacrosse,12.3,756.0,157,129,7,51,42,0,0,false,,,
2022-04-16 00:47:20,2022-04-16 23:43:37,UTC-04:00,2022-04-16 13:37:15,2022-04-16 16:46:47,189,Lacrosse,15.5,1490.0,169,131,6,51,41,2,0,false,,,
2022-04-14 23:43:37,2022-04-16 00:47:20,UTC-04:00,2022-04-15 15:04:21,2022-04-15 16:46:34,102,Lacrosse,11.3,687.0,155,125,10,68,22,0,0,false,,,
2022-04-14 00:11:24,2022-04-14 23:43:37,UTC-04:00,2022-04-14 15:02:53,2022-04-14 16:54:15,111,Lacrosse,13.3,910.0,157,133,6,37,57,0,0,false,,,
2022-04-13 00:19:05,2022-04-14 00:11:24,UTC-04:00,2022-04-13 15:59:31,2022-04-13 18:03:25,123,Lacrosse,12.8,877.0,161,128,11,50,38,1,0,false,,,
2022-04-12 00:18:36,2022-04-13 00:19:05,UTC-04:00,2022-04-12 16:04:31,2022-04-12 16:57:28,52,Lacrosse,9.3,399.0,157,130,6,58,35,1,0,false,,,
2022-04-11 00:42:26,2022-04-12 00:18:36,UTC-04:00,2022-04-11 15:12:23,2022-04-11 16:44:04,91,Lacrosse,13.3,798.0,165,136,7,29,51,13,0,false,,,
2022-04-08 23:12:41,2022-04-10 01:23:37,UTC-04:00,2022-04-09 13:57:00,2022-04-09 16:58:39,181,Lacrosse,14.8,1349.0,163,130,7,52,39,2,0,false,,,
2022-04-08 00:05:24,2022-04-08 23:12:41,UTC-04:00,2022-04-08 16:37:32,2022-04-08 18:09:36,92,Lacrosse,12.7,735.0,163,132,8,46,39,7,0,false,,,
2022-04-05 23:36:01,2022-04-07 00:34:56,UTC-04:00,2022-04-06 15:15:01,2022-04-06 18:07:33,172,Lacrosse,15.4,1404.0,162,133,5,38,54,3,0,false,,,
2022-04-05 00:26:03,2022-04-05 23:36:01,UTC-04:00,2022-04-05 15:26:11,2022-04-05 17:28:43,122,Lacrosse,13.5,918.0,166,130,14,39,40,7,0,false,,,
2022-04-03 23:21:29,2022-04-05 00:26:03,UTC-04:00,2022-04-04 15:56:52,2022-04-04 17:58:45,121,Lacrosse,12.4,812.0,159,126,13,55,32,0,0,false,,,
2022-04-01 00:22:10,2022-04-02 02:14:55,UTC-04:00,2022-04-01 15:56:21,2022-04-01 18:37:37,161,Lacrosse,14.8,1285.0,162,133,4,40,53,3,0,false,,,
2022-03-30 23:34:01,2022-04-01 00:22:10,UTC-04:00,2022-03-31 17:30:45,2022-03-31 19:52:22,141,Lacrosse,10.0,589.0,153,109,28,39,13,0,0,false,,,
2022-03-30 00:42:33,2022-03-30 23:34:01,UTC-04:00,2022-03-30 14:20:08,2022-03-30 16:36:42,136,Lacrosse,12.2,802.0,160,122,23,56,20,1,0,false,,,
2022-03-29 01:01:45,2022-03-30 00:42:33,UTC-04:00,2022-03-29 15:59:26,2022-03-29 18:14:17,134,Lacrosse,13.9,998.0,165,130,11,32,45,8,0,false,,,
2022-03-28 00:30:00,2022-03-29 01:01:45,UTC-04:00,2022-03-28 17:18:06,2022-03-28 19:24:33,126,Lacrosse,14.1,1030.0,173,134,7,34,52,7,0,false,,,
2022-03-26 02:27:41,2022-03-26 23:50:00,UTC-04:00,2022-03-26 17:48:30,2022-03-26 19:19:54,91,Lacrosse,12.4,740.0,157,134,0,44,54,2,0,false,,,
2022-03-26 02:27:41,2022-03-26 23:50:00,UTC-04:00,2022-03-26 12:57:13,2022-03-26 15:31:56,154,Lacrosse,14.3,1153.0,160,131,11,36,50,3,0,false,,,
2022-03-18 01:03:40,2022-03-19 02:27:41,UTC-04:00,2022-03-18 17:30:00,2022-03-18 19:30:00,120,Lacrosse,13.3,880.0,168,132,7,44,40,9,0,false,,,
2022-03-18 01:03:40,2022-03-19 02:27:41,UTC-04:00,2022-03-18 09:53:09,2022-03-18 11:43:13,110,Lacrosse,12.7,749.0,169,127,13,30,41,7,0,false,,,
2022-03-17 01:42:53,2022-03-18 01:03:40,UTC-04:00,2022-03-17 17:52:48,2022-03-17 19:50:52,118,Lacrosse,14.3,957.0,175,135,9,35,39,17,0,false,,,
2022-03-17 01:42:53,2022-03-18 01:03:40,UTC-04:00,2022-03-17 14:00:00,2022-03-17 15:00:00,60,Lacrosse,10.8,461.0,168,133,9,41,32,18,0,false,,,
2022-03-17 01:42:53,2022-03-18 01:03:40,UTC-04:00,2022-03-17 09:34:17,2022-03-17 11:11:28,97,Lacrosse,12.4,713.0,168,131,12,36,43,9,0,false,,,
2022-03-16 00:37:26,2022-03-17 01:42:53,UTC-04:00,2022-03-16 14:27:54,2022-03-16 16:21:12,113,Lacrosse,12.4,708.0,162,124,27,34,29,8,0,false,,,
2022-03-16 00:37:26,2022-03-17 01:42:53,UTC-04:00,2022-03-16 09:19:20,2022-03-16 11:30:20,130,Lacrosse,13.7,916.0,174,128,20,41,30,8,0,false,,,
2022-03-15 02:46:24,2022-03-15 23:37:26,UTC-05:00,2022-03-15 17:37:41,2022-03-15 19:36:00,118,Lacrosse,13.0,797.0,167,124,20,36,28,8,0,false,,,
2022-03-15 02:46:24,2022-03-15 23:37:26,UTC-05:00,2022-03-15 13:02:42,2022-03-15 15:38:33,155,Lacrosse,14.4,1078.0,172,126,17,41,23,13,0,false,,,
2022-03-15 02:46:24,2022-03-15 23:37:26,UTC-05:00,2022-03-15 07:56:40,2022-03-15 09:50:03,113,Lacrosse,13.8,851.0,172,129,6,26,36,15,0,false,,,
2022-03-07 23:10:28,2022-03-08 23:10:28,UTC-07:00,2022-03-08 12:30:00,2022-03-08 14:50:00,140,Skiing,9.4,498.0,165,109,60,25,5,1,0,false,,,
2022-03-03 00:20:39,2022-03-04 01:42:50,UTC-05:00,2022-03-03 17:14:09,2022-03-03 18:39:53,85,Lacrosse,10.1,512.0,162,121,18,38,33,1,0,false,,,
2022-03-02 02:23:41,2022-03-03 00:20:39,UTC-05:00,2022-03-02 15:54:17,2022-03-02 16:56:20,62,Lacrosse,11.7,554.0,161,135,8,9,77,3,0,false,,,
2022-03-01 01:41:50,2022-03-02 02:23:41,UTC-05:00,2022-03-01 16:45:00,2022-03-01 18:00:00,75,Lacrosse,10.8,508.0,161,124,17,39,29,8,0,false,,,
2022-03-01 01:41:50,2022-03-02 02:23:41,UTC-05:00,2022-03-01 14:40:15,2022-03-01 15:55:34,75,Functional Fitness,8.3,350.0,160,112,33,36,14,2,0,false,,,
2022-02-28 01:23:02,2022-03-01 01:41:50,UTC-05:00,2022-02-28 17:44:19,2022-02-28 19:04:31,80,Lacrosse,14.6,897.0,171,147,0,7,63,30,0,false,,,
2022-02-28 01:23:02,2022-03-01 01:41:50,UTC-05:00,2022-02-28 13:51:06,2022-02-28 15:10:31,79,Functional Fitness,9.2,369.0,178,113,42,37,4,5,1,false,,,
2022-02-25 00:05:55,2022-02-25 23:51:43,UTC-05:00,2022-02-25 20:29:19,2022-02-25 21:14:12,44,Basketball,11.9,475.0,175,146,0,15,53,32,0,false,,,
2022-02-25 00:05:55,2022-02-25 23:51:43,UTC-05:00,2022-02-25 15:00:00,2022-02-25 16:50:00,110,Functional Fitness,7.1,311.0,159,105,50,17,7,1,0,false,,,
2022-02-24 00:49:03,2022-02-25 00:05:55,UTC-05:00,2022-02-24 15:00:37,2022-02-24 16:14:51,74,Functional Fitness,7.4,295.0,158,114,53,35,11,0,0,false,,,
2022-02-23 00:36:28,2022-02-24 00:49:03,UTC-05:00,2022-02-23 12:48:17,2022-02-23 14:26:50,98,Functional Fitness,5.9,228.0,165,103,51,19,3,1,0,false,,,
2022-02-23 00:36:28,2022-02-24 00:49:03,UTC-05:00,2022-02-23 07:00:16,2022-02-23 07:47:21,47,Lacrosse,7.5,262.0,156,124,24,24,44,1,0,false,,,
2022-02-22 01:09:05,2022-02-23 00:36:28,UTC-05:00,2022-02-22 13:59:43,2022-02-22 16:13:50,134,Functional Fitness,10.1,566.0,167,121,28,49,17,5,0,false,,,
2022-02-21 00:15:52,2022-02-22 01:09:05,UTC-05:00,2022-02-21 13:06:03,2022-02-21 14:55:50,109,Functional Fitness,7.9,383.0,167,113,41,33,12,3,0,false,,,
2022-02-19 01:11:21,2022-02-20 01:18:29,UTC-05:00,2022-02-19 13:08:42,2022-02-19 14:27:25,78,Functional Fitness,7.1,250.0,166,109,64,14,7,4,0,false,,,
2022-02-18 00:57:24,2022-02-19 01:11:21,UTC-05:00,2022-02-18 14:26:13,2022-02-18 15:58:00,91,Functional Fitness,10.5,543.0,171,123,20,57,19,4,0,false,,,
2022-02-17 01:16:13,2022-02-18 00:57:24,UTC-05:00,2022-02-17 17:15:44,2022-02-17 17:47:23,31,Basketball,9.5,308.0,164,141,7,16,46,31,0,false,,,
2022-02-13 00:00:40,2022-02-13 23:51:53,UTC-05:00,2022-02-13 11:11:54,2022-02-13 12:08:40,56,Lacrosse,10.6,469.0,168,135,4,37,48,11,0,false,,,
2022-02-11 00:38:05,2022-02-12 02:38:52,UTC-05:00,2022-02-11 20:45:00,2022-02-11 21:30:00,45,Basketball,12.7,483.0,180,145,0,40,26,26,8,false,,,
2022-02-11 00:38:05,2022-02-12 02:38:52,UTC-05:00,2022-02-11 14:43:46,2022-02-11 17:05:09,141,Functional Fitness,11.9,727.0,165,118,38,42,16,2,0,false,,,
2022-02-10 00:56:29,2022-02-11 00:38:05,UTC-05:00,2022-02-10 14:12:27,2022-02-10 15:45:55,93,Functional Fitness,9.6,399.0,175,114,54,24,7,8,0,false,,,
2022-02-08 23:58:28,2022-02-10 00:56:29,UTC-05:00,2022-02-09 12:14:12,2022-02-09 13:57:32,103,Functional Fitness,12.4,694.0,165,126,23,36,28,11,0,false,,,
2022-02-07 23:37:36,2022-02-08 23:58:28,UTC-05:00,2022-02-08 14:16:09,2022-02-08 15:55:01,98,Functional Fitness,10.9,557.0,172,122,23,58,11,8,0,false,,,
2022-02-06 01:18:44,2022-02-06 23:45:40,UTC-05:00,2022-02-06 10:53:03,2022-02-06 13:09:42,136,Lacrosse,15.4,1188.0,177,134,9,27,48,13,0,false,,,
2021-12-26 03:37:13,2021-12-27 05:08:23,UTC-05:00,2021-12-26 13:00:00,2021-12-26 15:05:00,125,Weightlifting,12.3,819.0,150,124,11,69,20,0,0,false,,,
2021-12-23 04:07:54,2021-12-24 03:21:51,UTC-05:00,2021-12-23 18:41:41,2021-12-23 19:50:22,68,Weightlifting,7.6,322.0,150,114,35,54,5,0,0,false,,,
2021-12-22 05:45:36,2021-12-23 04:07:54,UTC-05:00,2021-12-22 15:41:29,2021-12-22 16:46:58,65,Weightlifting,7.9,345.0,144,117,28,64,7,0,0,false,,,
2021-08-12 02:08:29,2021-08-13 00:58:29,UTC-04:00,2021-08-12 14:53:43,2021-08-12 17:45:59,172,Functional Fitness,8.3,447.0,178,98,36,12,4,1,0,false,,,
2021-08-11 00:58:29,2021-08-12 02:08:29,UTC-04:00,2021-08-11 18:09:13,2021-08-11 19:00:04,50,Functional Fitness,11.9,506.0,174,143,3,9,57,31,0,false,,,
2021-08-11 00:58:29,2021-08-12 02:08:29,UTC-04:00,2021-08-11 12:52:47,2021-08-11 14:12:28,79,Functional Fitness,15.7,894.0,181,149,5,11,30,45,9,false,,,
2021-08-10 01:47:11,2021-08-11 00:58:29,UTC-04:00,2021-08-10 12:25:00,2021-08-10 12:40:00,15,Swimming,5.0,88.0,138,122,11,84,5,0,0,false,,,
2021-08-10 01:47:11,2021-08-11 00:58:29,UTC-04:00,2021-08-10 11:20:00,2021-08-10 11:46:00,26,Running,10.4,283.0,183,147,3,22,25,36,14,false,,,
2021-08-09 01:00:19,2021-08-10 01:47:11,UTC-04:00,2021-08-09 15:28:12,2021-08-09 16:46:58,78,Weightlifting,5.9,206.0,148,102,56,22,0,0,0,false,,,
2021-08-07 01:44:00,2021-08-08 00:20:26,UTC-04:00,2021-08-07 19:57:25,2021-08-07 20:32:26,35,Pickleball,9.1,313.0,163,137,2,31,52,15,0,false,,,
2021-08-07 01:44:00,2021-08-08 00:20:26,UTC-04:00,2021-08-07 11:55:59,2021-08-07 12:29:50,33,Functional Fitness,10.1,317.0,172,139,9,21,20,47,0,false,,,
2021-08-04 02:03:05,2021-08-05 01:24:15,UTC-04:00,2021-08-04 17:10:59,2021-08-04 20:23:08,192,Lacrosse,16.1,1243.0,177,118,9,10,19,24,0,false,,,
2021-08-02 01:42:55,2021-08-03 01:31:10,UTC-04:00,2021-08-02 15:30:00,2021-08-02 16:42:00,72,Functional Fitness,6.0,211.0,141,105,53,30,0,0,0,false,,,
2021-07-31 23:32:35,2021-08-02 01:42:55,UTC-04:00,2021-08-01 20:49:46,2021-08-01 21:29:08,39,Functional Fitness,10.5,401.0,175,144,0,10,68,22,0,false,,,
2021-07-31 23:32:35,2021-08-02 01:42:55,UTC-04:00,2021-08-01 14:25:00,2021-08-01 16:25:00,120,Functional Fitness,16.0,1133.0,177,143,1,24,39,30,1,false,,,
2021-07-31 02:28:39,2021-07-31 23:32:35,UTC-04:00,2021-07-31 14:30:00,2021-07-31 15:50:00,80,Functional Fitness,7.4,316.0,143,112,41,50,3,0,0,false,,,
2021-07-29 00:27:08,2021-07-30 00:22:51,UTC-04:00,2021-07-29 15:04:48,2021-07-29 15:42:02,37,Functional Fitness,9.3,344.0,169,140,1,19,61,19,0,false,,,
2021-07-27 01:14:02,2021-07-28 01:02:35,UTC-04:00,2021-07-27 22:05:05,2021-07-27 23:31:17,86,Functional Fitness,13.5,799.0,173,138,2,21,58,18,0,false,,,
2021-07-27 01:14:02,2021-07-28 01:02:35,UTC-04:00,2021-07-27 17:19:12,2021-07-27 17:56:51,37,Functional Fitness,10.7,398.0,175,145,0,5,73,22,0,false,,,
2021-07-24 23:39:40,2021-07-26 00:49:27,UTC-04:00,2021-07-25 14:33:56,2021-07-25 15:48:38,74,Functional Fitness,7.4,310.0,149,114,39,55,5,0,0,false,,,
2021-07-24 00:20:13,2021-07-24 23:39:40,UTC-04:00,2021-07-24 20:17:59,2021-07-24 21:21:16,63,Functional Fitness,8.1,340.0,161,119,33,56,10,1,0,false,,,
2021-07-23 01:40:51,2021-07-24 00:20:13,UTC-04:00,2021-07-23 17:25:54,2021-07-23 18:59:12,93,Functional Fitness,8.4,408.0,146,113,44,50,4,0,0,false,,,
2021-07-22 01:06:52,2021-07-23 01:40:51,UTC-04:00,2021-07-22 18:22:33,2021-07-22 19:22:43,60,Activity,9.0,393.0,161,125,17,56,26,1,0,false,,,
2021-07-22 01:06:52,2021-07-23 01:40:51,UTC-04:00,2021-07-22 16:59:50,2021-07-22 18:06:58,67,Activity,9.4,429.0,163,124,19,52,27,1,0,false,,,
2021-07-22 01:06:52,2021-07-23 01:40:51,UTC-04:00,2021-07-22 12:00:00,2021-07-22 13:16:00,76,Functional Fitness,7.2,311.0,143,111,37,52,2,0,0,false,,,
2021-07-21 00:49:48,2021-07-22 01:06:52,UTC-04:00,2021-07-21 17:46:52,2021-07-21 19:30:57,104,Lacrosse,15.2,762.0,188,125,17,5,10,26,9,false,,,
2021-07-21 00:49:48,2021-07-22 01:06:52,UTC-04:00,2021-07-21 16:43:59,2021-07-21 17:46:24,62,Functional Fitness,7.1,272.0,150,115,42,53,5,0,0,false,,,
2021-07-20 01:35:23,2021-07-21 00:49:48,UTC-04:00,2021-07-20 18:00:00,2021-07-20 19:30:00,90,Functional Fitness,8.2,383.0,146,113,55,42,3,0,0,false,,,
2021-07-20 01:35:23,2021-07-21 00:49:48,UTC-04:00,2021-07-20 12:14:39,2021-07-20 12:41:14,26,Football,9.4,282.0,170,144,1,21,37,41,0,false,,,
2021-07-20 01:35:23,2021-07-21 00:49:48,UTC-04:00,2021-07-20 10:35:38,2021-07-20 11:05:20,29,Activity,11.9,377.0,179,155,0,3,24,69,4,false,,,
2021-07-19 01:07:53,2021-07-20 01:35:23,UTC-04:00,2021-07-19 14:27:59,2021-07-19 16:19:06,111,Functional Fitness,10.5,515.0,178,114,44,39,9,2,0,false,,,
2021-07-18 01:04:38,2021-07-19 01:07:53,UTC-04:00,2021-07-18 14:39:43,2021-07-18 16:01:38,81,Functional Fitness,10.3,505.0,168,122,19,52,21,3,0,false,,,
2021-07-16 23:37:27,2021-07-18 01:04:38,UTC-04:00,2021-07-17 16:18:36,2021-07-17 17:30:41,72,Weightlifting,11.5,589.0,180,132,4,53,37,5,1,false,,,
2021-07-16 23:37:27,2021-07-18 01:04:38,UTC-04:00,2021-07-17 14:54:41,2021-07-17 15:44:15,49,Functional Fitness,10.0,428.0,167,134,1,50,37,12,0,false,,,
2021-07-16 23:37:27,2021-07-18 01:04:38,UTC-04:00,2021-07-17 12:21:08,2021-07-17 13:21:45,60,Functional Fitness,9.3,428.0,166,127,9,56,33,2,0,false,,,
2021-06-15 02:13:48,2021-06-16 02:56:10,UTC-04:00,2021-06-15 13:18:01,2021-06-15 13:58:08,40,Activity,8.9,322.0,165,132,10,20,50,14,0,false,,,
2021-06-12 02:52:21,2021-06-13 02:05:55,UTC-04:00,2021-06-12 12:15:00,2021-06-12 13:56:00,101,Functional Fitness,9.5,483.0,171,115,33,45,10,3,0,false,,,
2021-06-11 03:15:52,2021-06-12 02:52:21,UTC-04:00,2021-06-11 19:00:00,2021-06-11 20:50:00,110,Weightlifting,7.6,392.0,154,107,30,45,4,0,0,false,,,
2021-06-07 00:44:23,2021-06-08 01:15:34,UTC-04:00,2021-06-07 18:13:11,2021-06-07 19:01:03,47,Activity,9.1,382.0,161,129,4,41,47,5,0,false,,,
2021-06-07 00:44:23,2021-06-08 01:15:34,UTC-04:00,2021-06-07 11:26:00,2021-06-07 12:00:00,34,Running,,,,,0,0,0,0,0,false,,,
2021-06-06 02:22:01,2021-06-07 00:44:23,UTC-04:00,2021-06-06 20:15:20,2021-06-06 20:46:25,31,Activity,9.0,316.0,164,140,0,17,76,7,0,false,,,
2021-06-04 02:34:43,2021-06-05 02:24:03,UTC-04:00,2021-06-04 18:06:48,2021-06-04 19:06:52,60,Activity,11.6,546.0,166,136,4,34,48,14,0,false,,,
2021-06-04 02:34:43,2021-06-05 02:24:03,UTC-04:00,2021-06-04 16:22:39,2021-06-04 17:35:20,72,Activity,9.1,446.0,163,122,19,55,23,1,0,false,,,
2021-04-04 00:11:02,2021-04-05 00:11:02,UTC-05:00,2021-04-04 12:26:31,2021-04-04 13:46:17,79,Lacrosse,,,,,,,,,,false,,,
2021-04-02 00:10:17,2021-04-03 00:10:17,UTC-05:00,2021-04-02 18:23:55,2021-04-02 19:38:37,74,Activity,17.6,1059.0,191,161,0,6,19,44,31,false,,,
2021-03-10 01:55:52,2021-03-11 00:30:08,UTC-05:00,2021-03-10 16:31:00,2021-03-10 17:51:25,80,Weightlifting,6.4,251.0,143,108,58,34,0,0,0,false,,,
2021-03-09 00:54:06,2021-03-10 01:55:52,UTC-05:00,2021-03-09 15:21:04,2021-03-09 16:45:23,84,Weightlifting,7.6,339.0,171,111,36,46,5,2,0,false,,,
2021-03-08 00:49:34,2021-03-09 00:54:06,UTC-05:00,2021-03-08 18:39:41,2021-03-08 19:23:04,43,Activity,10.0,387.0,173,137,2,35,48,15,0,false,,,
2021-03-08 00:49:34,2021-03-09 00:54:06,UTC-05:00,2021-03-08 14:42:23,2021-03-08 16:42:21,119,Functional Fitness,5.2,227.0,141,96,50,9,0,0,0,false,,,
2021-03-07 01:14:42,2021-03-08 00:49:34,UTC-05:00,2021-03-07 14:29:46,2021-03-07 16:19:29,109,Functional Fitness,6.9,325.0,145,106,57,26,4,0,0,false,,,
2021-03-06 01:20:48,2021-03-07 01:14:42,UTC-05:00,2021-03-06 12:32:03,2021-03-06 14:30:36,118,Functional Fitness,13.2,805.0,180,126,17,45,18,14,2,false,,,
2021-03-05 00:12:23,2021-03-06 01:20:48,UTC-05:00,2021-03-05 12:54:08,2021-03-05 14:10:07,75,Functional Fitness,9.2,379.0,178,117,33,38,9,8,2,false,,,
2021-03-04 01:12:52,2021-03-05 00:12:23,UTC-05:00,2021-03-04 14:14:14,2021-03-04 16:53:37,159,Functional Fitness,12.7,836.0,180,118,26,33,23,3,1,false,,,
2021-03-03 00:33:05,2021-03-04 01:12:52,UTC-05:00,2021-03-03 13:36:39,2021-03-03 16:25:47,169,Functional Fitness,13.7,950.0,184,122,31,46,13,6,3,false,,,
2021-03-02 00:11:34,2021-03-03 00:33:05,UTC-05:00,2021-03-02 13:25:12,2021-03-02 15:08:47,103,Functional Fitness,12.2,639.0,187,124,23,52,12,9,3,false,,,
2021-03-01 01:33:49,2021-03-02 00:11:34,UTC-05:00,2021-03-01 15:41:02,2021-03-01 17:48:04,127,Functional Fitness,11.8,649.0,177,118,30,42,11,9,0,false,,,
2021-02-28 02:40:17,2021-03-01 01:33:49,UTC-05:00,2021-02-28 13:19:08,2021-02-28 15:02:15,103,Functional Fitness,9.9,512.0,165,119,40,33,25,2,0,false,,,
2021-02-27 00:56:38,2021-02-28 02:40:17,UTC-05:00,2021-02-27 19:49:52,2021-02-27 20:35:33,45,Activity,9.4,337.0,173,130,17,35,24,23,0,false,,,
2021-02-25 23:55:52,2021-02-27 00:56:38,UTC-05:00,2021-02-26 13:18:52,2021-02-26 15:49:42,150,Functional Fitness,14.8,1098.0,187,130,16,42,24,15,3,false,,,
2021-02-24 23:37:57,2021-02-25 23:55:52,UTC-05:00,2021-02-25 15:11:18,2021-02-25 16:59:19,108,Functional Fitness,13.0,689.0,184,126,24,46,13,12,5,false,,,
2021-02-24 00:05:09,2021-02-24 23:37:57,UTC-05:00,2021-02-24 13:53:27,2021-02-24 16:45:33,172,Functional Fitness,13.7,975.0,177,122,29,41,16,9,1,false,,,
2021-02-23 01:02:35,2021-02-24 00:05:09,UTC-05:00,2021-02-23 14:07:27,2021-02-23 16:08:38,121,Functional Fitness,12.8,660.0,182,117,32,14,16,12,3,false,,,
2021-02-21 01:52:17,2021-02-22 01:37:59,UTC-05:00,2021-02-21 12:10:09,2021-02-21 12:55:34,45,Functional Fitness,12.3,501.0,183,148,1,10,50,28,11,false,,,
2021-02-20 01:06:31,2021-02-21 01:52:17,UTC-05:00,2021-02-20 12:52:37,2021-02-20 15:29:30,156,Functional Fitness,14.7,1056.0,185,128,19,44,22,10,4,false,,,
2021-02-19 00:00:00,2021-02-20 01:06:31,UTC-05:00,2021-02-19 13:09:33,2021-02-19 15:12:22,122,Functional Fitness,14.9,1049.0,184,131,11,49,25,10,5,false,,,
